,source,smiles,inchi,inchikey,validation
0,2021-MOTM-Jan.pdf,CO[C@@H]1CC[C@@H](n2c([C@@H]3CCCC(=O)N3c3ccc(F)c(F)c3)nc3cc(-c4c(C)noc4C)ccc32)CC1,"InChI=1S/C30H32F2N4O3/c1-17-29(18(2)39-34-17)19-7-14-26-25(15-19)33-30(36(26)20-8-11-22(38-3)12-9-20)27-5-4-6-28(37)35(27)21-10-13-23(31)24(32)16-21/h7,10,13-16,20,22,27H,4-6,8-9,11-12H2,1-3H3/t20-,22-,27-/m0/s1",SKDNDJWEBPQKCS-CLHVYKLBSA-N,True
1,2021-MOTM-Jan.pdf,CC1=C(C#N)N=CC(=C1)N2C(=O)C3(CCC3)N(C4=CN=C(N=C4)OC5CCNCC5)C2=S,"InChI=1S/C22H23N7O2S/c1-14-9-15(11-25-18(14)10-23)28-19(30)22(5-2-6-22)29(21(28)32)16-12-26-20(27-13-16)31-17-3-7-24-8-4-17/h9,11-13,17,24H,2-8H2,1H3",RRMBWBIRGGAWIC-UHFFFAOYSA-N,True
2,2021-MOTM-Jan.pdf,[H][C@]1(c2ccnc3ccc(F)cc32)CC[C@@]([H])([C@@H](C)NC(=O)c2ccc(Cl)cc2)CC1,"InChI=1S/C24H24ClFN2O/c1-15(28-24(29)18-6-8-19(25)9-7-18)16-2-4-17(5-3-16)21-12-13-27-23-11-10-20(26)14-22(21)23/h6-17H,2-5H2,1H3,(H,28,29)/t15-,16-,17+/m1/s1",AOJCHFNHRLPISK-ZACQAIPSSA-N,True
3,2021-MOTM-Jan.pdf,C[C@@H]1CN(c2cc(-c3n[nH]c4ccc(OC5(C)CC5)cc34)ncn2)C[C@H](C)O1,"InChI=1S/C21H25N5O2/c1-13-10-26(11-14(2)27-13)19-9-18(22-12-23-19)20-16-8-15(28-21(3)6-7-21)4-5-17(16)24-25-20/h4-5,8-9,12-14H,6-7,10-11H2,1-3H3,(H,24,25)/t13-,14+",ATUUNJCZCOMUKD-OKILXGFUSA-N,True
4,2021-MOTM-Jan.pdf,Cc1cc(C)n(-c2cccc([C@H](CC(=O)O)CN3CC[C@@H](CCc4ccc5c(n4)NCCC5)C3)c2)n1,"InChI=1S/C29H37N5O2/c1-20-15-21(2)34(32-20)27-7-3-5-24(16-27)25(17-28(35)36)19-33-14-12-22(18-33)8-10-26-11-9-23-6-4-13-30-29(23)31-26/h3,5,7,9,11,15-16,22,25H,4,6,8,10,12-14,17-19H2,1-2H3,(H,30,31)(H,35,36)/t22-,25-/m1/s1",ZMXBIIQMSGOIRZ-RCZVLFRGSA-N,True
5,2021-MOTM-Jan.pdf,CCOC(=O)OC[C@H]1O[C@@H](Oc2nn(C(C)C)c(C)c2Cc2ccc(OC(C)C)cc2)[C@H](O)[C@@H](O)[C@@H]1O,"InChI=1S/C26H38N2O9/c1-7-33-26(32)34-13-20-21(29)22(30)23(31)25(36-20)37-24-19(16(6)28(27-24)14(2)3)12-17-8-10-18(11-9-17)35-15(4)5/h8-11,14-15,20-23,25,29-31H,7,12-13H2,1-6H3/t20-,21-,22+,23-,25+/m1/s1",UAOCLDQAQNNEAX-ABMICEGHSA-N,True
6,2021-MOTM-Jan.pdf,C.C.C.C.C.C.C.C.C.C.C.C.C.C.C.C.C.C.C.C.C.C.C.C.C.C.C.C.C.C.C.C.C.C.C.C.C.C.C.C.C.C.C.C.C.C.C.C.C.CC.CC.CC.CC.CC.CC.CC.CC.CC.CC.CC.CC.CC.CC.CC.CC.CC.CC.CC.CC.CC.CC.CC.CC.CC.CC12C34=C(C5CC5)C5=N6C78=N13=C6(=N=724)N8=C5.CCC.CCCCCCCCCC,,,False
7,2021-MOTM-Jan.pdf,C=CC(=O)NCCOCCNC(=O)CCN1CCC(c2cc(OC(C)C)c(Nc3ncc(Cl)c(Nc4ccccc4[S@SP3](=O)(=O)C(C)C)n3)cc2C)CC1,"InChI=1S/C38H52ClN7O6S/c1-7-35(47)40-15-20-51-21-16-41-36(48)14-19-46-17-12-28(13-18-46)29-23-33(52-25(2)3)32(22-27(29)6)44-38-42-24-30(39)37(45-38)43-31-10-8-9-11-34(31)53(49,50)26(4)5/h7-11,22-26,28H,1,12-21H2,2-6H3,(H,40,47)(H,41,48)(H2,42,43,44,45)",XGZORHKVFKUMAV-UHFFFAOYSA-N,True
8,2021-MOTM-Jan.pdf,[2H]C([2H])=CC(=O)Nc1cc(Nc2nccc(-c3cn(C([2H])([2H])[2H])c4ccccc34)n2)c(OC)cc1N(C)CCN(C)C,"InChI=1S/C28H33N7O2/c1-7-27(36)30-22-16-23(26(37-6)17-25(22)34(4)15-14-33(2)3)32-28-29-13-12-21(31-28)20-18-35(5)24-11-9-8-10-19(20)24/h7-13,16-18H,1,14-15H2,2-6H3,(H,30,36)(H,29,31,32)/i1D2,5D3",DUYJMQONPNNFPI-ZFTIYMCPSA-N,True
9,2021-MOTM-Jan.pdf,Cc1nn(C2CC2)c2c1[C@@H](c1ccc(Cl)cc1)N(c1cc(C)c(=O)n(C)c1)C2=O,"InChI=1S/C22H21ClN4O2/c1-12-10-17(11-25(3)21(12)28)26-19(14-4-6-15(23)7-5-14)18-13(2)24-27(16-8-9-16)20(18)22(26)29/h4-7,10-11,16,19H,8-9H2,1-3H3/t19-/m1/s1",PXGREUPWZAUELV-LJQANCHMSA-N,True
10,2021-MOTM-Jan.pdf,CC1CCN(c2ccnc(NCc3cn(C)cn3)n2)CC1,"InChI=1S/C15H22N6/c1-12-4-7-21(8-5-12)14-3-6-16-15(19-14)17-9-13-10-20(2)11-18-13/h3,6,10-12H,4-5,7-9H2,1-2H3,(H,16,17,19)",PWKAYICUBVNJAZ-UHFFFAOYSA-N,True
11,2021-MOTM-Jan.pdf,C=CCN1CC(=O)N2[C@@H](Cc3ccc(O)cc3F)C(=O)N(Cc3cccc(N4CC(N5CCN(CC)CC5)C4)n3)C[C@@H]2N1C(=O)NCc1ccccc1,"InChI=1S/C39H48FN9O4/c1-3-15-47-27-37(51)48-34(20-29-13-14-32(50)21-33(29)40)38(52)46(26-36(48)49(47)39(53)41-22-28-9-6-5-7-10-28)23-30-11-8-12-35(42-30)45-24-31(25-45)44-18-16-43(4-2)17-19-44/h3,5-14,21,31,34,36,50H,1,4,15-20,22-27H2,2H3,(H,41,53)/t34-,36-/m0/s1",ZGNKNLOBYFTGRG-GIWKVKTRSA-N,True
12,2021-MOTM-Jan.pdf,C[C@@H](O)CNC(=O)c1ncc([S@TB6](=O)(=O)c2ccc(OC(F)(F)F)cc2)cc1N,"InChI=1S/C16H16F3N3O5S/c1-9(23)7-22-15(24)14-13(20)6-12(8-21-14)28(25,26)11-4-2-10(3-5-11)27-16(17,18)19/h2-6,8-9,23H,7,20H2,1H3,(H,22,24)/t9-/m1/s1",UMOGNCVNHXWFIX-SECBINFHSA-N,True
13,2021-MOTM-Jan.pdf,C=C(C)[C@@H]1CC[C@@]2(CC[C@]3(C)[C@H](CC[C@@H]4[C@@]5(C)CC=C(C6=CC7(C6)CC(C7)(C(=O)O)C(=O)O)C(C)(C)[C@@H]5CC[C@]43C)[C@@H]12)C(=O)O,"InChI=1S/C39H54O6/c1-22(2)24-10-15-38(30(40)41)17-16-35(6)26(29(24)38)8-9-28-34(5)13-11-25(33(3,4)27(34)12-14-36(28,35)7)23-18-37(19-23)20-39(21-37,31(42)43)32(44)45/h11,18,24,26-29H,1,8-10,12-17,19-21H2,2-7H3,(H,40,41)(H,42,43)(H,44,45)/t24-,26+,27-,28+,29+,34-,35+,36+,38-/m0/s1",BJXRINPAPGTVSM-XRDOSIMNSA-N,True
14,2021-MOTM-Feb.pdf,N#Cc1ccc(N2C[C@H](N)C[C@H](C(F)(F)F)C2)c2cccnc12,"InChI=1S/C16H15F3N4/c17-16(18,19)11-6-12(21)9-23(8-11)14-4-3-10(7-20)15-13(14)2-1-5-22-15/h1-5,11-12H,6,8-9,21H2/t11-,12+/m0/s1",BJXYHBKEQFQVES-NWDGAFQWSA-N,True
15,2021-MOTM-Feb.pdf,CCC[S@SP3](=O)(=O)Nc1ccc(F)c(C(=O)c2c[nH]c3ncc(-c4ccc(N5CCN(CC(=O)N[C@H](C(=O)N6C[C@H](O)C[C@H]6C(=O)NCc6ccc(-c7scnc7C)cc6)C(C)(C)C)CC5)cc4)cc23)c1F,"InChI=1S/C51H57F2N9O7S2/c1-6-21-71(68,69)59-40-16-15-39(52)43(44(40)53)45(65)38-26-55-48-37(38)22-34(25-54-48)32-11-13-35(14-12-32)61-19-17-60(18-20-61)28-42(64)58-47(51(3,4)5)50(67)62-27-36(63)23-41(62)49(66)56-24-31-7-9-33(10-8-31)46-30(2)57-29-70-46/h7-16,22,25-26,29,36,41,47,59,63H,6,17-21,23-24,27-28H2,1-5H3,(H,54,55)(H,56,66)(H,58,64)/t36-,41+,47-/m1/s1",MBCAVOCJJAQHHT-FGUOTCRGSA-N,True
16,2021-MOTM-Feb.pdf,O=C1CCC(N2Cc3cc(CNC(=O)C(F)(F)c4ccc(Cl)cc4)ccc3C2=O)C(=O)N1,"InChI=1S/C22H18ClF2N3O4/c23-15-4-2-14(3-5-15)22(24,25)21(32)26-10-12-1-6-16-13(9-12)11-28(20(16)31)17-7-8-18(29)27-19(17)30/h1-6,9,17H,7-8,10-11H2,(H,26,32)(H,27,29,30)",PWBHUSLMHZLGRN-UHFFFAOYSA-N,True
17,2021-MOTM-Feb.pdf,N[C@@H](CC(=O)O)Cn1nnc(-c2ccc(Oc3ncc(Cl)cc3F)cc2)n1,"InChI=1S/C16H14ClFN6O3/c17-10-5-13(18)16(20-7-10)27-12-3-1-9(2-4-12)15-21-23-24(22-15)8-11(19)6-14(25)26/h1-5,7,11H,6,8,19H2,(H,25,26)/t11-/m0/s1",ZEGMEJVULDALSH-NSHDSACASA-N,True
18,2021-MOTM-Feb.pdf,CC1=C(C2NCCC3=C2C=C(Cl)C=C3)C=C(C(=O)C2=C(NC3CC(O)C(COS(N)(=O)=O)C3)N=CN=C2)S1.CCCC1=NC=NC23=C1N=CN2C1O[CH]2(F)C4O[PH](=O)([S-])O[CH]56C(O)[CH]78(O[PH]9(=O)([S-])O[PH](=O)(O[CH]42%10%11FC%10O1%11)[S-]9)C512O[CH]1(N1C=NC4=C1N=CN=C4NCC=CCNC=NC=N3)C671O[CH]218F,,,False
19,2021-MOTM-Feb.pdf,C[C@@]1(c2cc(NC(=O)c3ccc(C#N)cn3)ccc2F)C=CSC(N)=N1,"InChI=1S/C18H14FN5OS/c1-18(6-7-26-17(21)24-18)13-8-12(3-4-14(13)19)23-16(25)15-5-2-11(9-20)10-22-15/h2-8,10H,1H3,(H2,21,24)(H,23,25)/t18-/m0/s1",VLLFGVHGKLDDLW-SFHVURJKSA-N,True
20,2021-MOTM-Feb.pdf,CC1(C)OC(=O)c2ccc(Nc3ncc(-c4nnco4)c(N[C@H](CO)c4ccccc4)n3)cc21,"InChI=1S/C24H22N6O4/c1-24(2)18-10-15(8-9-16(18)22(32)34-24)27-23-25-11-17(21-30-26-13-33-21)20(29-23)28-19(12-31)14-6-4-3-5-7-14/h3-11,13,19,31H,12H2,1-2H3,(H2,25,27,28,29)/t19-/m1/s1",RVSSNRBUPQUIEG-LJQANCHMSA-N,True
21,2021-MOTM-Feb.pdf,CC1=C(C2NCCC3=C2C=C(Cl)C=C3)C=C(C(=O)C2=C(NC3CC(O)C(COS(N)(=O)=O)C3)N=CN=C2)S1.CCCC1=NC=NC23=C1N=CN2C1O[CH]2(F)C4O[PH](=O)([S-])OC5C678O[CH]6(N6C=NC9=C6N=CN=C9NCC=CCNC6=NC=N3C=C6N)C536O[CH]73(F)[CH]86O[PH]3(=O)([S-])O[PH](=O)(O[CH]4256FC5O16)[S-]3,,,False
22,2021-MOTM-Feb.pdf,CC1(C)Cc2sc(NC(=O)Cc3ccc([S@SP2](N)(=O)=O)cc3)c(C#N)c2CN1CC1CCCCC1,"InChI=1S/C25H32N4O3S2/c1-25(2)13-22-21(16-29(25)15-18-6-4-3-5-7-18)20(14-26)24(33-22)28-23(30)12-17-8-10-19(11-9-17)34(27,31)32/h8-11,18H,3-7,12-13,15-16H2,1-2H3,(H,28,30)(H2,27,31,32)",CIWCVIPQAHRJNY-UHFFFAOYSA-N,True
23,2021-MOTM-Feb.pdf,CC[C@H](C)C(=O)N1CCC(NC(=O)Nc2ccc(OC(F)(F)F)c(F)c2)CC1,"InChI=1S/C18H23F4N3O3/c1-3-11(2)16(26)25-8-6-12(7-9-25)23-17(27)24-13-4-5-15(14(19)10-13)28-18(20,21)22/h4-5,10-12H,3,6-9H2,1-2H3,(H2,23,24,27)/t11-/m0/s1",LHRXHTKENPCGSZ-NSHDSACASA-N,True
24,2021-MOTM-Feb.pdf,[H]C12CC[CH]34C5C16C1([H])(C)C7C[CH]589C3C21C761([H])CC[CH](N(C)C)(CC1)(N8(C)C)N49(C)C.[H][CH]12CC1C2,,,False
25,2021-MOTM-Feb.pdf,Cc1c(NC(=O)c2ccc(CNCCO)cn2)cccc1-c1cccc(NC(=O)c2ccc(CNCCO)cn2)c1C,"InChI=1S/C32H36N6O4/c1-21-25(5-3-7-27(21)37-31(41)29-11-9-23(19-35-29)17-33-13-15-39)26-6-4-8-28(22(26)2)38-32(42)30-12-10-24(20-36-30)18-34-14-16-40/h3-12,19-20,33-34,39-40H,13-18H2,1-2H3,(H,37,41)(H,38,42)",FZEPAZRIEAMJFE-UHFFFAOYSA-N,True
26,2021-MOTM-Feb.pdf,C=CC(=O)Nc1cc(Nc2ncc(C(=O)OC(C)C)c(-c3cn(C)c4ccccc34)n2)c(OC)cc1N(C)CCN(C)C,"InChI=1S/C32H39N7O4/c1-9-29(40)34-24-16-25(28(42-8)17-27(24)38(6)15-14-37(4)5)35-32-33-18-22(31(41)43-20(2)3)30(36-32)23-19-39(7)26-13-11-10-12-21(23)26/h9-13,16-20H,1,14-15H2,2-8H3,(H,34,40)(H,33,35,36)",AZSRSNUQCUDCGG-UHFFFAOYSA-N,True
27,2021-MOTM-Feb.pdf,[H][C@]12CC[C@]3([H])[C@]([H])(C1)[C@]([H])(C2)[C@]3(CN)CC(=O)O,"InChI=1S/C12H19NO2/c13-6-12(5-11(14)15)9-2-1-7-3-8(9)10(12)4-7/h7-10H,1-6,13H2,(H,14,15)/t7-,8-,9+,10-,12-/m0/s1",WCEFMBSFXJUREW-LIJGXYGRSA-N,True
28,2021-MOTM-Mar.pdf,O=c1[nH]c(CS[C@@H]2CC[C@@H](O)CC2)nc2cc(OCC3CC3)cc(F)c12,"InChI=1S/C19H23FN2O3S/c20-15-7-13(25-9-11-1-2-11)8-16-18(15)19(24)22-17(21-16)10-26-14-5-3-12(23)4-6-14/h7-8,11-12,14,23H,1-6,9-10H2,(H,21,22,24)/t12-,14-",NKZDEFKPZSLQRF-MQMHXKEQSA-N,True
29,2021-MOTM-Mar.pdf,C(CC(F)(F)F)CN1C2=C(C=C(C=C2)CN)N=C1CN3C4=CC(=CC=C4[C@@]5(CC5)C3=O)F,"InChI=1S/C23H22F4N4O/c24-15-3-4-16-19(11-15)31(21(32)22(16)7-8-22)13-20-29-17-10-14(12-28)2-5-18(17)30(20)9-1-6-23(25,26)27/h2-5,10-11H,1,6-9,12-13,28H2",JOPCJJSYRPUEDS-UHFFFAOYSA-N,True
30,2021-MOTM-Mar.pdf,C[C@H]1CN(C(=O)CC[C@@]2(C3CC3)NC(=O)NC2=O)CCN1c1cc(F)cc(F)c1,"InChI=1S/C20H24F2N4O3/c1-12-11-25(6-7-26(12)16-9-14(21)8-15(22)10-16)17(27)4-5-20(13-2-3-13)18(28)23-19(29)24-20/h8-10,12-13H,2-7,11H2,1H3,(H2,23,24,28,29)/t12-,20-/m0/s1",CMLVKUWQFZQPPS-YUNKPMOVSA-N,True
31,2021-MOTM-Mar.pdf,Nc1nc2cc(C[C@@H]3CC[C@@]4(O)[C@@H]3C[C@@H](n3cc(F)c5c(N)ncnc53)[C@@H]4O)cc(F)c2cc1F,"InChI=1S/C24H23F3N6O2/c25-14-4-10(5-17-12(14)6-15(26)21(28)32-17)3-11-1-2-24(35)13(11)7-18(20(24)34)33-8-16(27)19-22(29)30-9-31-23(19)33/h4-6,8-9,11,13,18,20,34-35H,1-3,7H2,(H2,28,32)(H2,29,30,31)/t11-,13+,18+,20-,24+/m0/s1",WPRNOFYKKDCQPH-KFDHBNDTSA-N,True
32,2021-MOTM-Mar.pdf,C[C@@H](c1cc(Cl)cc(Cl)c1)N1CCC(COc2cc(F)c(C(=O)N[S@SP3](C)(=O)=O)cc2C2CC2)CC1,"InChI=1S/C25H29Cl2FN2O4S/c1-15(18-9-19(26)11-20(27)10-18)30-7-5-16(6-8-30)14-34-24-13-23(28)22(12-21(24)17-3-4-17)25(31)29-35(2,32)33/h9-13,15-17H,3-8,14H2,1-2H3,(H,29,31)/t15-/m0/s1",SXOAHIZWCZOILH-HNNXBMFYSA-N,True
33,2021-MOTM-Mar.pdf,Cn1cnc2ncn(Cc3nc([C@@H]4CO[C@@H](c5ccc(Cl)cc5)C4)no3)c(=O)c21,"InChI=1S/C19H17ClN6O3/c1-25-9-21-18-16(25)19(27)26(10-22-18)7-15-23-17(24-29-15)12-6-14(28-8-12)11-2-4-13(20)5-3-11/h2-5,9-10,12,14H,6-8H2,1H3/t12-,14+/m0/s1",UGLQOTZNBCEHHB-GXTWGEPZSA-N,True
34,2021-MOTM-Mar.pdf,Cn1cncc1-c1cc(F)ccc1CN1CC[P@SP2](=O)(O)[C@](CCCCN)(C(=O)O)C1,"InChI=1S/C20H28FN4O4P/c1-24-14-23-11-18(24)17-10-16(21)5-4-15(17)12-25-8-9-30(28,29)20(13-25,19(26)27)6-2-3-7-22/h4-5,10-11,14H,2-3,6-9,12-13,22H2,1H3,(H,26,27)(H,28,29)/t20-/m0/s1",ZBWZIBATIOSFOY-FQEVSTJZSA-N,True
35,2021-MOTM-Mar.pdf,O=C(NC1CCOCC1)c1csc([C@@H]2C[C@H]2NCC2CC2)c1,"InChI=1S/C17H24N2O2S/c20-17(19-13-3-5-21-6-4-13)12-7-16(22-10-12)14-8-15(14)18-9-11-1-2-11/h7,10-11,13-15,18H,1-6,8-9H2,(H,19,20)/t14-,15-/m1/s1",QZNGFWQWWSECMG-HUUCEWRRSA-N,True
36,2021-MOTM-Mar.pdf,CC(=O)N1CCc2nc(N3CCC(Oc4ccc(F)cc4F)CC3)c(N[C@@H]3CCOC3)nc2C1,"InChI=1S/C24H29F2N5O3/c1-15(32)31-10-6-20-21(13-31)28-23(27-17-7-11-33-14-17)24(29-20)30-8-4-18(5-9-30)34-22-3-2-16(25)12-19(22)26/h2-3,12,17-18H,4-11,13-14H2,1H3,(H,27,28)/t17-/m1/s1",HSWVJQBEXRKOBZ-QGZVFWFLSA-N,True
37,2021-MOTM-Mar.pdf,C[C@H](c1c(Cl)ccc(C2CC2)c1Cl)n1cnc2cnc(-c3ccccc3[C@@H](C)C(=O)O)cc21,"InChI=1S/C26H23Cl2N3O2/c1-14(26(32)33)17-5-3-4-6-19(17)21-11-23-22(12-29-21)30-13-31(23)15(2)24-20(27)10-9-18(25(24)28)16-7-8-16/h3-6,9-16H,7-8H2,1-2H3,(H,32,33)/t14-,15-/m1/s1",JPJWHCNGSBCZMI-HUUCEWRRSA-N,True
38,2021-MOTM-Mar.pdf,CCC[C@@H](NC(=O)c1cccc2c1CC(=O)N2)[C@@H](O)c1ccc(F)c(C)c1,"InChI=1S/C21H23FN2O3/c1-3-5-18(20(26)13-8-9-16(22)12(2)10-13)24-21(27)14-6-4-7-17-15(14)11-19(25)23-17/h4,6-10,18,20,26H,3,5,11H2,1-2H3,(H,23,25)(H,24,27)/t18-,20+/m1/s1",PFJUZRFBQFAWFO-QUCCMNQESA-N,False
39,2021-MOTM-Mar.pdf,CCOCc1[nH]c(=O)c(-c2nnc(Cc3ccc(Cl)cn3)o2)c(O)c1-c1c(OC)cccc1OC,"InChI=1S/C24H23ClN4O6/c1-4-34-12-15-19(20-16(32-2)6-5-7-17(20)33-3)22(30)21(23(31)27-15)24-29-28-18(35-24)10-14-9-8-13(25)11-26-14/h5-9,11H,4,10,12H2,1-3H3,(H2,27,30,31)",AGZKELPIAJYRDT-UHFFFAOYSA-N,True
40,2021-MOTM-Mar.pdf,CC1(C)CCC(CN2CCN(c3ccc(C(=O)NS(=O)c4ccc(NCC5CCOCC5)c(NO)c4)c(Oc4cc5ccnc-5n(CO[P@SP3](O)O)c4)c3)CC2)=C(c2ccc(Cl)cc2)C1,"InChI=1S/C46H55ClN7O8PS/c1-46(2)15-11-34(40(26-46)32-3-5-35(47)6-4-32)28-52-17-19-53(20-18-52)36-7-9-39(43(24-36)62-37-23-33-12-16-48-44(33)54(29-37)30-61-63(57)58)45(55)51-64(59)38-8-10-41(42(25-38)50-56)49-27-31-13-21-60-22-14-31/h3-10,12,16,23-25,29,31,49-50,56-58H,11,13-15,17-22,26-28,30H2,1-2H3,(H,51,55)",OKYUXKKSMAEMGL-UHFFFAOYSA-N,False
41,2021-MOTM-Mar.pdf,COc1cc2c(cc1O)CN(CCc1ccc(-n3nnc(-c4ccccc4NC(=O)c4cc(=O)c5ccccc5o4)n3)cc1)CC2,"InChI=1S/C35H30N6O5/c1-45-32-19-23-15-17-40(21-24(23)18-30(32)43)16-14-22-10-12-25(13-11-22)41-38-34(37-39-41)26-6-2-4-8-28(26)36-35(44)33-20-29(42)27-7-3-5-9-31(27)46-33/h2-13,18-20,43H,14-17,21H2,1H3,(H,36,44)",GQKJPKKOSWQASP-UHFFFAOYSA-N,False
42,2021-MOTM-Apr.pdf,Cc1cc(F)c(NC(=O)c2cccc(C(C)(C)C#N)c2)cc1-c1cnc2c(=O)n(C)ncc2c1,"InChI=1S/C26H22FN5O2/c1-15-8-21(27)22(31-24(33)16-6-5-7-19(10-16)26(2,3)14-28)11-20(15)17-9-18-13-30-32(4)25(34)23(18)29-12-17/h5-13H,1-4H3,(H,31,33)",SXCTZLXYGLXXRY-UHFFFAOYSA-N,True
43,2021-MOTM-Apr.pdf,CC[S@TB13](=O)(=O)c1ccc([C@H](CCO)c2nc3c(Cl)c(N4CCC(F)(F)CC4)c(Cl)cc3[nH]2)cc1,"InChI=1S/C23H25Cl2F2N3O3S/c1-2-34(32,33)15-5-3-14(4-6-15)16(7-12-31)22-28-18-13-17(24)21(19(25)20(18)29-22)30-10-8-23(26,27)9-11-30/h3-6,13,16,31H,2,7-12H2,1H3,(H,28,29)/t16-/m0/s1",QZTWILLBUTYUEF-INIZCTEOSA-N,True
44,2021-MOTM-Apr.pdf,COc1ccc(-c2c(Nc3ccccn3)[nH]c3c(C4=CCCCC4)c(-c4ccccc4)nn3c2=O)cc1,"InChI=1S/C30H27N5O2/c1-37-23-17-15-21(16-18-23)26-28(32-24-14-8-9-19-31-24)33-29-25(20-10-4-2-5-11-20)27(34-35(29)30(26)36)22-12-6-3-7-13-22/h3,6-10,12-19,33H,2,4-5,11H2,1H3,(H,31,32)",HSVRUECLQUGTDS-UHFFFAOYSA-N,True
45,2021-MOTM-Apr.pdf,COc1cc(Cl)cc(N(CC23CCC(c4ccc(OC)c(C#N)c4)(CC2)C3)C(=O)c2ccncc2C)c1,"InChI=1S/C30H30ClN3O3/c1-20-17-33-11-6-26(20)28(35)34(24-13-23(31)14-25(15-24)36-2)19-29-7-9-30(18-29,10-8-29)22-4-5-27(37-3)21(12-22)16-32/h4-6,11-15,17H,7-10,18-19H2,1-3H3",AYSWERRNTIHUKQ-UHFFFAOYSA-N,False
46,2021-MOTM-Apr.pdf,C[C@H]1CN(Cc2ccc(C(F)(F)F)cc2N2C3CCC2CN(CC(=O)O)C3)CCN1C(=O)n1ccc([S@SP3](=O)(=O)N(C)C)n1,"InChI=1S/C27H36F3N7O5S/c1-18-13-33(10-11-35(18)26(40)36-9-8-24(31-36)43(41,42)32(2)3)14-19-4-5-20(27(28,29)30)12-23(19)37-21-6-7-22(37)16-34(15-21)17-25(38)39/h4-5,8-9,12,18,21-22H,6-7,10-11,13-17H2,1-3H3,(H,38,39)/t18-,21?,22?/m0/s1",ISNXAOFEMNFJCO-XTWGIRIWSA-N,True
47,2021-MOTM-Apr.pdf,Cc1onc(-c2ccc(F)cc2)c1COc1ccc(C(=O)N2CC[S@TB5](=O)(=O)CC2)cn1,"InChI=1S/C21H20FN3O5S/c1-14-18(20(24-30-14)15-2-5-17(22)6-3-15)13-29-19-7-4-16(12-23-19)21(26)25-8-10-31(27,28)11-9-25/h2-7,12H,8-11,13H2,1H3",VCGRFBXVSFAGGA-UHFFFAOYSA-N,True
48,2021-MOTM-Apr.pdf,O=C(NCc1cn2cc(CNCC3CCCCC3)ccc2n1)c1cc(=O)n2ccccc2n1,"InChI=1S/C25H28N6O2/c32-24-12-21(29-23-8-4-5-11-31(23)24)25(33)27-15-20-17-30-16-19(9-10-22(30)28-20)14-26-13-18-6-2-1-3-7-18/h4-5,8-12,16-18,26H,1-3,6-7,13-15H2,(H,27,33)",OBERVORNENYOLE-UHFFFAOYSA-N,True
49,2021-MOTM-Apr.pdf,C.C.C.C.C.C.C.C.C.C.C.C.C.C.C.C.C.C.C.C.C.CC.CC.CC.CC.CC.CC.CC(C)CCCCCCCCCCCCCCCCC(C)C1(C)CC2(CC3(CC4(CCC4)C3)C2C)C1C.CCCCCCCCCCCCC(C)CC(C)CC(C)CC(C)CC(C)CC(C)CC(C)CC(C)CC1CCC1.CCCCCCCCCCCCCCCCCCCCCCCCCCCCCCCC,"InChI=1S/C40H80.C37H68.C32H66.6C2H6.21CH4/c1-10-11-12-13-14-15-16-17-18-19-21-32(2)24-33(3)25-34(4)26-35(5)27-36(6)28-37(7)29-38(8)30-39(9)31-40-22-20-23-40;1-30(2)22-19-17-15-13-11-9-7-8-10-12-14-16-18-20-23-31(3)34(6)26-37(32(34)4)29-36(33(37)5)27-35(28-36)24-21-25-35;1-3-5-7-9-11-13-15-17-19-21-23-25-27-29-31-32-30-28-26-24-22-20-18-16-14-12-10-8-6-4-2;6*1-2;;;;;;;;;;;;;;;;;;;;;/h32-40H,10-31H2,1-9H3;30-33H,7-29H2,1-6H3;3-32H2,1-2H3;6*1-2H3;21*1H4",BRXVBUQSCXDYLT-UHFFFAOYSA-N,False
50,2021-MOTM-Apr.pdf,C[C@H]1[C@H](F)C[C@@H](C(=O)NCc2cc(-c3cnc(C(F)(F)F)nc3)ncc2C(F)(F)F)N1[S@SP1](=O)(=O)c1ccc(F)cc1,"InChI=1S/C24H19F8N5O3S/c1-12-18(26)7-20(37(12)41(39,40)16-4-2-15(25)3-5-16)21(38)34-8-13-6-19(33-11-17(13)23(27,28)29)14-9-35-22(36-10-14)24(30,31)32/h2-6,9-12,18,20H,7-8H2,1H3,(H,34,38)/t12-,18+,20-/m0/s1",RGXNECXVRZKGGH-UOXRKKOCSA-N,True
51,2021-MOTM-Apr.pdf,C[C@H](NC(=O)c1ccc2c(-c3ccc(C(F)(F)F)cc3)cccc2c1)c1ccccn1,"InChI=1S/C25H19F3N2O/c1-16(23-7-2-3-14-29-23)30-24(31)19-10-13-22-18(15-19)5-4-6-21(22)17-8-11-20(12-9-17)25(26,27)28/h2-16H,1H3,(H,30,31)/t16-/m0/s1",AAZUPSFRSHFTGV-INIZCTEOSA-N,True
52,2021-MOTM-Apr.pdf,Cc1cc2c(C(N)=O)cccc2n1-c1nc2c(c(NCc3ccccc3)n1)COCC2,"InChI=1S/C24H23N5O2/c1-15-12-18-17(22(25)30)8-5-9-21(18)29(15)24-27-20-10-11-31-14-19(20)23(28-24)26-13-16-6-3-2-4-7-16/h2-9,12H,10-11,13-14H2,1H3,(H2,25,30)(H,26,27,28)",RDALZZCKQFLGJP-UHFFFAOYSA-N,True
53,2021-MOTM-Apr.pdf,C[C@H]([C@H](C(=O)Nc1cc([C@@H](CC(=O)O)C2CC2)ccc1Cl)c1ccc(Cl)cc1)C(F)(F)F,"InChI=1S/C23H22Cl2F3NO3/c1-12(23(26,27)28)21(14-4-7-16(24)8-5-14)22(32)29-19-10-15(6-9-18(19)25)17(11-20(30)31)13-2-3-13/h4-10,12-13,17,21H,2-3,11H2,1H3,(H,29,32)(H,30,31)/t12-,17+,21+/m1/s1",NCRMKIWHFXSBGZ-CNBXIYLPSA-N,True
54,2021-MOTM-Apr.pdf,CN(C)c1nc(=O)n(-c2ccccc2)c2cc(Cl)ccc12,"InChI=1S/C16H14ClN3O/c1-19(2)15-13-9-8-11(17)10-14(13)20(16(21)18-15)12-6-4-3-5-7-12/h3-10H,1-2H3",JMLJEYLWRAPHBL-UHFFFAOYSA-N,True
55,2021-MOTM-Apr.pdf,CCN12C3=CC=C(C=C3)C3=CC=CC456(=C3)C[CH]3(NC(=O)C(C(C)C)N(C)C(=O)C7CCN(C(=O)C#CCN8CCOCC8)C7)C(=O)N7CCCC(N7)C(=O)OCC(C)(C)CC7=C89C7%10=C87=C8(=C1C=CC(=C8)C1=CC=C4C(=C15)C36)C9%107=C2C1=C(C(C)OC)N=CC=C1,,,False
56,2021-MOTM-May.pdf,C[C@H](Nc1ccc2c(c1)OCCn1cc(N3C(=O)OC[C@H]3C(F)F)nc1-2)C(N)=O,"InChI=1S/C18H19F2N5O4/c1-9(16(21)26)22-10-2-3-11-13(6-10)28-5-4-24-7-14(23-17(11)24)25-12(15(19)20)8-29-18(25)27/h2-3,6-7,9,12,15,22H,4-5,8H2,1H3,(H2,21,26)/t9-,12-/m0/s1",SGEUNORSOZVTOL-CABZTGNLSA-N,True
57,2021-MOTM-May.pdf,C[C@@H]1CCCN1C(=O)C2=C(C3=C(C(=C(C=C3)C(C(F)(F)F)(C(F)(F)F)O)Cl)Cl)SC(=N2)C(=O)NCC(C)(C)O,"InChI=1S/C23H23Cl2F6N3O4S/c1-10-5-4-8-34(10)19(36)15-16(39-18(33-15)17(35)32-9-20(2,3)37)11-6-7-12(14(25)13(11)24)21(38,22(26,27)28)23(29,30)31/h6-7,10,37-38H,4-5,8-9H2,1-3H3,(H,32,35)/t10-/m1/s1",ZQHVEGQHOKDZEN-SNVBAGLBSA-N,True
58,2021-MOTM-May.pdf,Cc1ccc2c(Nc3cccc(Cl)c3F)nccc2c1NC(=O)c1csc2c(N)ncnc12,"InChI=1S/C23H16ClFN6OS/c1-11-5-6-13-12(7-8-27-22(13)30-16-4-2-3-15(24)17(16)25)18(11)31-23(32)14-9-33-20-19(14)28-10-29-21(20)26/h2-10H,1H3,(H,27,30)(H,31,32)(H2,26,28,29)",KVCQTKNUUQOELD-UHFFFAOYSA-N,True
59,2021-MOTM-May.pdf,CCOc1cc(NC(=O)NCc2cc(C)c(-c3cn(C)nc3C(F)(F)F)nn2)cc(C(F)(F)F)n1,"InChI=1S/C20H19F6N7O2/c1-4-35-15-7-11(6-14(29-15)19(21,22)23)28-18(34)27-8-12-5-10(2)16(31-30-12)13-9-33(3)32-17(13)20(24,25)26/h5-7,9H,4,8H2,1-3H3,(H2,27,28,29,34)",MGJMUVKYINFAQC-UHFFFAOYSA-N,True
60,2021-MOTM-May.pdf,Cc1ccc2c(Nc3cccc(OC(F)(F)F)c3)nccc2c1Nc1ncccc1-c1ncnc2[nH]cnc12,"InChI=1S/C27H19F3N8O/c1-15-7-8-19-18(9-11-32-24(19)37-16-4-2-5-17(12-16)39-27(28,29)30)21(15)38-25-20(6-3-10-31-25)22-23-26(35-13-33-22)36-14-34-23/h2-14H,1H3,(H,31,38)(H,32,37)(H,33,34,35,36)",FZPYULHBUBXPIG-UHFFFAOYSA-N,True
61,2021-MOTM-May.pdf,CC(=O)N[C@@H]1C[C@H](NC(C)(C)C)CC[C@@H]1N1CC[C@H](Nc2ncnc3ccc(C(F)(F)F)cc23)C1=O,"InChI=1S/C25H33F3N6O2/c1-14(35)31-20-12-16(33-24(2,3)4)6-8-21(20)34-10-9-19(23(34)36)32-22-17-11-15(25(26,27)28)5-7-18(17)29-13-30-22/h5,7,11,13,16,19-21,33H,6,8-10,12H2,1-4H3,(H,31,35)(H,29,30,32)/t16-,19+,20-,21+/m1/s1",QAPTWHXHEYAIKG-RCOXNQKVSA-N,True
62,2021-MOTM-May.pdf,O=C(CBr)N1CC([N+](=O)[O-])([N+](=O)[O-])C1,"InChI=1S/C5H6BrN3O5/c6-1-4(10)7-2-5(3-7,8(11)12)9(13)14/h1-3H2",JODKFOVZURLVTG-UHFFFAOYSA-N,True
63,2021-MOTM-May.pdf,CC1=C(N2CCC3(CCN(C[C@H](O)c4ccc5c(c4C)COC5=O)CC3)C2=O)COC1=O,"InChI=1S/C24H28N2O6/c1-14-16(3-4-17-18(14)12-31-22(17)29)20(27)11-25-8-5-24(6-9-25)7-10-26(23(24)30)19-13-32-21(28)15(19)2/h3-4,20,27H,5-13H2,1-2H3/t20-/m0/s1",KDAIMYGCILCZSH-FQEVSTJZSA-N,True
64,2021-MOTM-May.pdf,CNC(=O)[C@@H](Cc1ccc(C#N)cc1)NC(=O)[C@@H](NC(=O)[C@]1(C)CO1)[C@@H](C)OC(C)(C)C,"InChI=1S/C23H32N4O5/c1-14(32-22(2,3)4)18(27-21(30)23(5)13-31-23)20(29)26-17(19(28)25-6)11-15-7-9-16(12-24)10-8-15/h7-10,14,17-18H,11,13H2,1-6H3,(H,25,28)(H,26,29)(H,27,30)/t14-,17-,18+,23+/m1/s1",LRXNJCCPNMMAJW-SWDAYOAKSA-N,True
65,2021-MOTM-May.pdf,O=C(N[C@@H](Cc1coc2ccccc12)B(O)O)[C@@H]1C[C@H]2CC[C@@H]1O2,"InChI=1S/C17H20BNO5/c20-17(13-8-11-5-6-15(13)24-11)19-16(18(21)22)7-10-9-23-14-4-2-1-3-12(10)14/h1-4,9,11,13,15-16,21-22H,5-8H2,(H,19,20)/t11-,13-,15+,16+/m1/s1",RFQDLTYXNINJON-OYNZBZHQSA-N,True
66,2021-MOTM-May.pdf,NS(=O)(=O)c1ccc(Cc2c(-c3cccc(Sc4[nH]nnc4C(=O)O)c3)nn(-c3nc(C(=O)O)cs3)c2CC2CC2)cc1F,"InChI=1S/C27H22FN7O6S3/c28-18-9-14(6-7-21(18)44(29,40)41)8-17-20(10-13-4-5-13)35(27-30-19(12-42-27)25(36)37)33-22(17)15-2-1-3-16(11-15)43-24-23(26(38)39)31-34-32-24/h1-3,6-7,9,11-13H,4-5,8,10H2,(H,36,37)(H,38,39)(H2,29,40,41)(H,31,32,34)",HESBKZYQLSNUJF-UHFFFAOYSA-N,True
67,2021-MOTM-May.pdf,[H][C@@]1(c2nc3cc(-c4c[nH]nc4C)sc3c(=O)[nH]2)CC2CCN1CC2,"InChI=1S/C17H19N5OS/c1-9-11(8-18-21-9)14-7-12-15(24-14)17(23)20-16(19-12)13-6-10-2-4-22(13)5-3-10/h7-8,10,13H,2-6H2,1H3,(H,18,21)(H,19,20,23)/t13-/m0/s1",XGVXKJKTISMIOW-ZDUSSCGKSA-N,True
68,2021-MOTM-May.pdf,COc1nc(C(=O)NC[C@](C)(O)C(F)(F)F)c(N)cc1C(F)(F)F,"InChI=1S/C12H13F6N3O3/c1-10(23,12(16,17)18)4-20-8(22)7-6(19)3-5(11(13,14)15)9(21-7)24-2/h3,23H,4,19H2,1-2H3,(H,20,22)/t10-/m0/s1",USHQRIKZLHNPQR-JTQLQIEISA-N,True
69,2021-MOTM-May.pdf,CC1=C(C23=C4C5=C(C(C)NC(=O)C6CC(OC(=O)CCCCN7C=C(CNC(=O)CCC(NC(=O)C8=CC=C(NCC9=CN=C%10N=C(N)NC(=O)C%10=N9)C=C8)C(=O)O)N=N7)CN6C(=O)C(NC(=O)CCCCCCCCCCNCCCONC(=O)C6=CC=C(F)C(F)=C6NC6=CC=C(I)C=C6F)C(C)(C)C)(=C4C=25)C=C3)SC=N1,,,False
70,2021-MOTM-Jun.pdf,CC(O)c1ccc(CCOc2ccc(C[C@@H]3SC(=O)NC3=O)cc2)nc1,"InChI=1S/C19H20N2O4S/c1-12(22)14-4-5-15(20-11-14)8-9-25-16-6-2-13(3-7-16)10-17-18(23)21-19(24)26-17/h2-7,11-12,17,22H,8-10H2,1H3,(H,21,23,24)/t12?,17-/m0/s1",OXVFDZYQLGRLCD-TYJDENFWSA-N,True
71,2021-MOTM-Jun.pdf,C[C@H](c1ccc2ccc(O[C@H]3CC[C@@H](C(F)(F)F)CC3)c(C(F)(F)F)c2c1)N1C2CCC1CC(C(=O)O)C2,"InChI=1S/C28H31F6NO3/c1-15(35-20-7-8-21(35)13-18(12-20)26(36)37)17-3-2-16-4-11-24(25(23(16)14-17)28(32,33)34)38-22-9-5-19(6-10-22)27(29,30)31/h2-4,11,14-15,18-22H,5-10,12-13H2,1H3,(H,36,37)/t15-,18?,19-,20?,21?,22+/m1/s1",PZASAAIJIFDWSB-RQDPYJAVSA-N,True
72,2021-MOTM-Jun.pdf,CCCC(=O)N[C@H]1Cc2cccc(C(=O)OCOC(=O)C(CC)CC)c2OB1O,"InChI=1S/C20H28BNO7/c1-4-8-17(23)22-16-11-14-9-7-10-15(18(14)29-21(16)26)20(25)28-12-27-19(24)13(5-2)6-3/h7,9-10,13,16,26H,4-6,8,11-12H2,1-3H3,(H,22,23)/t16-/m0/s1",SBBFBKKFEBWDRC-INIZCTEOSA-N,True
73,2021-MOTM-Jun.pdf,*[C@@H](ON1C(=O)N2C[C@H]1CC[C@H]2[S@@](C)=O)C(=O)OC1CCCCC1,,,False
74,2021-MOTM-Jun.pdf,[H]C1(C(CN2CCC2)(C2=CC=CC(F)=C2)C2CCN(CC3(OC)CN(C4=CC=C(S(=O)(=O)N56C7CN(C(=O)C=C)C5C6([H])C7)C=C4)C3)CC2)CCCC1NC(=O)OC,,,False
75,2021-MOTM-Jun.pdf,C=CC(=CC=CNC(=O)C(C=C(C)N=C1=C(CCCC)C=1CCCC1C2C(CCCCCCCCCCCCC)C12)=CC=CC)C(C)C.CCCCCCCCCCCCCCCCCCCCCCC.CCCCCCCCCCCCCCCCCCCCCCCC.CS(=O)(=O)N1CCCC(NC2=NC3=C(C=N2)C=C(C(F)F)C(=O)N3C=O)CC1,,,False
76,2021-MOTM-Jun.pdf,CC1(C)COc2ccc(F)cc2CN2c3nc4c(cnn4cc3OC[C@H]2C(F)F)C(=O)N1,"InChI=1S/C21H20F3N5O3/c1-21(2)10-32-15-4-3-12(22)5-11(15)7-28-14(17(23)24)9-31-16-8-29-18(26-19(16)28)13(6-25-29)20(30)27-21/h3-6,8,14,17H,7,9-10H2,1-2H3,(H,27,30)/t14-/m0/s1",ILAMRXVQSGVCJX-AWEZNQCLSA-N,True
77,2021-MOTM-Jun.pdf,CCCCOc1nc(N)c2c(n1)N(Cc1cccc(CN3CCCC3)c1)CC(=O)N2,"InChI=1S/C22H30N6O2/c1-2-3-11-30-22-25-20(23)19-21(26-22)28(15-18(29)24-19)14-17-8-6-7-16(12-17)13-27-9-4-5-10-27/h6-8,12H,2-5,9-11,13-15H2,1H3,(H,24,29)(H2,23,25,26)",VFOKSTCIRGDTBR-UHFFFAOYSA-N,True
78,2021-MOTM-Jun.pdf,COc1cnc(C(=O)Nc2ccc(F)c([C@]34CN(c5ncc(F)cn5)C[C@H]3CSC(N)=N4)c2)cn1,"InChI=1S/C22H20F2N8O2S/c1-34-18-8-26-17(7-27-18)19(33)30-14-2-3-16(24)15(4-14)22-11-32(21-28-5-13(23)6-29-21)9-12(22)10-35-20(25)31-22/h2-8,12H,9-11H2,1H3,(H2,25,31)(H,30,33)/t12-,22-/m0/s1",VQSRKMNBWMHJKY-YTEVENLXSA-N,True
79,2021-MOTM-Jun.pdf,COc1ccc([C@H](Cc2c(Cl)c[n+]([O-])cc2Cl)OC(=O)c2ccc(CN[C@@H](C(=O)O[C@H]3CN4CCC3CC4)c3ccccc3)s2)cc1OC,"InChI=1S/C36H37Cl2N3O7S/c1-45-29-10-8-24(16-31(29)46-2)30(17-26-27(37)19-41(44)20-28(26)38)47-35(42)33-11-9-25(49-33)18-39-34(23-6-4-3-5-7-23)36(43)48-32-21-40-14-12-22(32)13-15-40/h3-11,16,19-20,22,30,32,34,39H,12-15,17-18,21H2,1-2H3/t30-,32-,34+/m0/s1",OAWZSUHVKPQVIU-LEEDBYTESA-N,False
80,2021-MOTM-Jun.pdf,Cc1cccc(N(C)C(=O)[C@@H]2[C@H](O)CCN2c2nc(C)cc(C(F)(F)F)c2C#N)c1,"InChI=1S/C21H21F3N4O2/c1-12-5-4-6-14(9-12)27(3)20(30)18-17(29)7-8-28(18)19-15(11-25)16(21(22,23)24)10-13(2)26-19/h4-6,9-10,17-18,29H,7-8H2,1-3H3/t17-,18+/m1/s1",YHMDHAMZFMNMTF-MSOLQXFVSA-N,True
81,2021-MOTM-Jun.pdf,C[C@H](/C=C/C=C(\C)/[C@@H]1[C@@H](C)/C=C/[C@@H]([C@@](C)(CC[C@H](CC(=O)O1)O)O)OC(=O)N2CCN(C)CC2)C3=NC=CC=C3,"InChI=1S/C31H45N3O6/c1-22(26-11-6-7-16-32-26)9-8-10-23(2)29-24(3)12-13-27(39-30(37)34-19-17-33(5)18-20-34)31(4,38)15-14-25(35)21-28(36)40-29/h6-13,16,22,24-25,27,29,35,38H,14-15,17-21H2,1-5H3/b9-8+,13-12+,23-10+/t22-,24+,25-,27+,29-,31-/m1/s1",YOIQWBAHJZGRFW-WVRLKXNASA-N,True
82,2021-MOTM-Jun.pdf,Cc1nc(Nc2cccc(N3CCCC3=O)n2)sc1-c1cc2c(c([S@SP2](C)(=O)=O)c1)C(=O)N([C@@H](C)C1CC1)C2,"InChI=1S/C27H29N5O4S2/c1-15-25(37-27(28-15)30-21-6-4-7-22(29-21)31-11-5-8-23(31)33)18-12-19-14-32(16(2)17-9-10-17)26(34)24(19)20(13-18)38(3,35)36/h4,6-7,12-13,16-17H,5,8-11,14H2,1-3H3,(H,28,29,30)/t16-/m0/s1",XOMFDZJQLSPGGV-INIZCTEOSA-N,True
83,2021-MOTM-Jun.pdf,CCCCCCC.CCCCCCCCCC1CC1CCCC1C2C(C)C12.CCCCNC(C(=O)NC(=O)C1(O)C(O)C1(O)CC1C2CC21)C(=O)Nc1ccc(C)cc1.CS(=O)(=O)N1CCC(Nc2ncc3cc(C(F)F)c(C(F)F)cc3n2)CC1,"InChI=1S/C23H31N3O6.C20H36.C16H18F4N4O2S.C7H16/c1-3-4-9-24-17(18(27)25-13-7-5-12(2)6-8-13)19(28)26-21(30)23(32)20(29)22(23,31)11-16-14-10-15(14)16;1-3-4-5-6-7-8-9-11-16-14-17(16)12-10-13-18-19-15(2)20(18)19;1-27(25,26)24-4-2-10(3-5-24)22-16-21-8-9-6-11(14(17)18)12(15(19)20)7-13(9)23-16;1-3-5-7-6-4-2/h5-8,14-17,20,24,29,31-32H,3-4,9-11H2,1-2H3,(H,25,27)(H,26,28,30);15-20H,3-14H2,1-2H3;6-8,10,14-15H,2-5H2,1H3,(H,21,22,23);3-7H2,1-2H3",TXTQTLASNBLWSZ-UHFFFAOYSA-N,False
84,2021-MOTM-Jul.pdf,[H][C@@]12C[C@@H](O)C[C@]1([H])[C@H]2NC(=O)c1cc(C(=O)NC)c2c(c1)[C@](C)(c1ccccc1)CO2,"InChI=1S/C24H26N2O4/c1-24(14-6-4-3-5-7-14)12-30-21-18(23(29)25-2)8-13(9-19(21)24)22(28)26-20-16-10-15(27)11-17(16)20/h3-9,15-17,20,27H,10-12H2,1-2H3,(H,25,29)(H,26,28)/t15-,16-,17+,20+,24-/m0/s1",FNHHVPPSBFQMEL-HURDOVMISA-N,True
85,2021-MOTM-Jul.pdf,C[C@H](NC(=O)Cn1nnc2ccccc2c1=O)c1ccc(OC(F)(F)F)cc1,"InChI=1S/C18H15F3N4O3/c1-11(12-6-8-13(9-7-12)28-18(19,20)21)22-16(26)10-25-17(27)14-4-2-3-5-15(14)23-24-25/h2-9,11H,10H2,1H3,(H,22,26)/t11-/m0/s1",JZGLECLGVQRPPI-NSHDSACASA-N,True
86,2021-MOTM-Jul.pdf,Cc1nc2ccc(F)cc2n1-c1nc(N)c(F)c(Nc2ccc(C(F)(F)F)cc2)n1,"InChI=1S/C19H13F5N6/c1-9-26-13-7-4-11(20)8-14(13)30(9)18-28-16(25)15(21)17(29-18)27-12-5-2-10(3-6-12)19(22,23)24/h2-8H,1H3,(H3,25,27,28,29)",TWLWOOPCEXYVBE-UHFFFAOYSA-N,True
87,2021-MOTM-Jul.pdf,C[C@@H]1Cc2c([nH]c3ccccc23)[C@@H](c2c(F)cc(NC3CN(CCCF)C3)cc2F)N1CC(F)(F)CO,"InChI=1S/C27H31F5N4O/c1-16-9-20-19-5-2-3-6-23(19)34-25(20)26(36(16)14-27(31,32)15-37)24-21(29)10-17(11-22(24)30)33-18-12-35(13-18)8-4-7-28/h2-3,5-6,10-11,16,18,26,33-34,37H,4,7-9,12-15H2,1H3/t16-,26-/m1/s1",GQCXHIKRWBIQMD-AKJBCIBTSA-N,True
88,2021-MOTM-Jul.pdf,COc1cc(F)ccc1-c1cc(Nc2cc(C[S@SP1](C)(=N)=O)ccn2)ncc1F,"InChI=1S/C19H18F2N4O2S/c1-27-17-8-13(20)3-4-14(17)15-9-19(24-10-16(15)21)25-18-7-12(5-6-23-18)11-28(2,22)26/h3-10,22H,11H2,1-2H3,(H,23,24,25)/t28-/m1/s1",YZCUMZWULWOUMD-MUUNZHRXSA-N,True
89,2021-MOTM-Jul.pdf,O=C(O)c1cccc(CN2CN(C3CCCCC3)C3(CCN(CCCC(=O)c4ccccc4)CC3)C2=O)c1,"InChI=1S/C31H39N3O4/c35-28(25-10-3-1-4-11-25)15-8-18-32-19-16-31(17-20-32)30(38)33(23-34(31)27-13-5-2-6-14-27)22-24-9-7-12-26(21-24)29(36)37/h1,3-4,7,9-12,21,27H,2,5-6,8,13-20,22-23H2,(H,36,37)",BDXJYAAYLZTLEK-UHFFFAOYSA-N,True
90,2021-MOTM-Jul.pdf,Cc1c(Cc2ccc(-n3cccn3)cc2)cc2c(c1F)CN([C@H]1COCC[C@@H]1O)C2=O,"InChI=1S/C24H24FN3O3/c1-15-17(11-16-3-5-18(6-4-16)28-9-2-8-26-28)12-19-20(23(15)25)13-27(24(19)30)21-14-31-10-7-22(21)29/h2-6,8-9,12,21-22,29H,7,10-11,13-14H2,1H3/t21-,22-/m0/s1",WFSARWQASFQZMG-VXKWHMMOSA-N,True
91,2021-MOTM-Jul.pdf,CN[C@@H](C)C(=O)N[C@@H]1C(=O)N(Cc2c(OC)ccc3ccccc23)c2ccccc2N(C(=O)CCCCCCCN)[C@H]1C,"InChI=1S/C34H45N5O4/c1-23(36-3)33(41)37-32-24(2)39(31(40)18-8-6-5-7-13-21-35)29-17-12-11-16-28(29)38(34(32)42)22-27-26-15-10-9-14-25(26)19-20-30(27)43-4/h9-12,14-17,19-20,23-24,32,36H,5-8,13,18,21-22,35H2,1-4H3,(H,37,41)/t23-,24-,32-/m0/s1",MCVQOARFDZLCRN-TWVHRYOLSA-N,True
92,2021-MOTM-Jul.pdf,CCCOc1nc(OCC(C)(C)O)c(-c2ccc([S@SP3](C)(=O)=O)cc2)cc1CO,"InChI=1S/C20H27NO6S/c1-5-10-26-18-15(12-22)11-17(19(21-18)27-13-20(2,3)23)14-6-8-16(9-7-14)28(4,24)25/h6-9,11,22-23H,5,10,12-13H2,1-4H3",MIGCLPHEGAEITL-UHFFFAOYSA-N,True
93,2021-MOTM-Jul.pdf,CCN1C(=O)N(c2c(F)c(OC)cc(OC)c2F)Cc2cnc3[nH]c(CN4CCOCC4)cc3c21,"InChI=1S/C24H27F2N5O4/c1-4-30-21-14(11-27-23-16(21)9-15(28-23)13-29-5-7-35-8-6-29)12-31(24(30)32)22-19(25)17(33-2)10-18(34-3)20(22)26/h9-11H,4-8,12-13H2,1-3H3,(H,27,28)",HCDMJFOHIXMBOV-UHFFFAOYSA-N,True
94,2021-MOTM-Jul.pdf,COc1ccc([C@@H](O)[C@H](NC(=O)[C@H](C)NC(=O)CN2CCOCC2)C(=O)N[C@@H](CC2=CCCC2)C(=O)[C@@]2(C)CO2)cc1,"InChI=1S/C30H42N4O8/c1-19(31-24(35)17-34-12-14-41-15-13-34)28(38)33-25(26(36)21-8-10-22(40-3)11-9-21)29(39)32-23(16-20-6-4-5-7-20)27(37)30(2)18-42-30/h6,8-11,19,23,25-26,36H,4-5,7,12-18H2,1-3H3,(H,31,35)(H,32,39)(H,33,38)/t19-,23-,25-,26+,30+/m0/s1",GHYOCDFICYLMRF-UTIIJYGPSA-N,True
95,2021-MOTM-Jul.pdf,C[C@@H]1COCCN1c1cc(C2(S(C)(=N)=O)CC2)nc(-c2ccnc3[nH]ccc23)n1,"InChI=1S/C20H24N6O2S/c1-13-12-28-10-9-26(13)17-11-16(20(5-6-20)29(2,21)27)24-19(25-17)15-4-8-23-18-14(15)3-7-22-18/h3-4,7-8,11,13,21H,5-6,9-10,12H2,1-2H3,(H,22,23)/t13-,29?/m1/s1",OHUHVTCQTUDPIJ-RNHBAAACSA-N,True
96,2021-MOTM-Jul.pdf,CC(C)C[C@@H](N)C(=O)Nc1ccc(-c2cnco2)c(OC(F)F)c1,"InChI=1S/C16H19F2N3O3/c1-9(2)5-12(19)15(22)21-10-3-4-11(14-7-20-8-23-14)13(6-10)24-16(17)18/h3-4,6-9,12,16H,5,19H2,1-2H3,(H,21,22)/t12-/m1/s1",GCTFTMWXZFLTRR-GFCCVEGCSA-N,True
97,2021-MOTM-Jul.pdf,CC1=CN2CCS(=O)(=O)N=C2C(c2ccc(OC3CCCCC3)cc2)=N1,"InChI=1S/C19H23N3O3S/c1-14-13-22-11-12-26(23,24)21-19(22)18(20-14)15-7-9-17(10-8-15)25-16-5-3-2-4-6-16/h7-10,13,16H,2-6,11-12H2,1H3",PXJBHEHFVQVDDS-UHFFFAOYSA-N,True
98,2021-MOTM-Aug.pdf,C=CCn1c(=O)c2cnc(Nc3ccc(N4CCN(C)CC4)cc3)nc2n1-c1ccc2c(n1)[C@@](O)(CC)CC2,"InChI=1S/C29H34N8O2/c1-4-14-36-27(38)23-19-30-28(31-21-7-9-22(10-8-21)35-17-15-34(3)16-18-35)33-26(23)37(36)24-11-6-20-12-13-29(39,5-2)25(20)32-24/h4,6-11,19,39H,1,5,12-18H2,2-3H3,(H,30,31,33)/t29-/m1/s1",OXTSYWDBUVRXFF-GDLZYMKVSA-N,True
99,2021-MOTM-Aug.pdf,CC(=O)N1Cc2cc([S@TB13](C)(=O)=O)ccc2[C@@H]1C(=O)Nc1ccc(C(O)(C(F)(F)F)C(F)(F)F)cc1,"InChI=1S/C21H18F6N2O5S/c1-11(30)29-10-12-9-15(35(2,33)34)7-8-16(12)17(29)18(31)28-14-5-3-13(4-6-14)19(32,20(22,23)24)21(25,26)27/h3-9,17,32H,10H2,1-2H3,(H,28,31)/t17-/m1/s1",QYYZXEPEVBXNNA-QGZVFWFLSA-N,True
100,2021-MOTM-Aug.pdf,C=CC(=O)N1CC[C@H](Oc2nc(-c3n[nH]c(=O)[nH]3)cc3ccccc23)C1,"InChI=1S/C18H17N5O3/c1-2-15(24)23-8-7-12(10-23)26-17-13-6-4-3-5-11(13)9-14(19-17)16-20-18(25)22-21-16/h2-6,9,12H,1,7-8,10H2,(H2,20,21,22,25)/t12-/m0/s1",HIMUHMBGRATXMK-LBPRGKRZSA-N,True
101,2021-MOTM-Aug.pdf,O=C(c1cccnc1-c1ccncc1)N1CCC(O)(Cc2ccccc2)CC1,"InChI=1S/C23H23N3O2/c27-22(20-7-4-12-25-21(20)19-8-13-24-14-9-19)26-15-10-23(28,11-16-26)17-18-5-2-1-3-6-18/h1-9,12-14,28H,10-11,15-17H2",XKUZMIUSBMCVPP-UHFFFAOYSA-N,True
102,2021-MOTM-Aug.pdf,C1CC1C2=C(C3=CC4(CCN(CC4)C5=CC6=C(C=C5)N=C(C=C6C(F)(F)F)C(=O)O)C3)C(=NO2)C7=C(C=NC=C7Cl)Cl,"InChI=1S/C30H23Cl2F3N4O3/c31-20-13-36-14-21(32)25(20)26-24(27(42-38-26)15-1-2-15)16-11-29(12-16)5-7-39(8-6-29)17-3-4-22-18(9-17)19(30(33,34)35)10-23(37-22)28(40)41/h3-4,9-11,13-15H,1-2,5-8,12H2,(H,40,41)",WPGAVSDZYIRUGE-UHFFFAOYSA-N,True
103,2021-MOTM-Aug.pdf,Cc1ccc(COC2CN(C(=O)[C@H]3C[C@]4(COC(=O)N4)C3)C2)cc1Cl,"InChI=1S/C18H21ClN2O4/c1-11-2-3-12(4-15(11)19)9-24-14-7-21(8-14)16(22)13-5-18(6-13)10-25-17(23)20-18/h2-4,13-14H,5-10H2,1H3,(H,20,23)/t13-,18+",AKBHYCHPWZPGAH-QGGXVJLZSA-N,True
104,2021-MOTM-Aug.pdf,FC(F)c1cncc(-c2ccc3ncc4nnc(C5=CCCOCC5)n4c3c2)c1,"InChI=1S/C21H17F2N5O/c22-20(23)16-8-15(10-24-11-16)14-3-4-17-18(9-14)28-19(12-25-17)26-27-21(28)13-2-1-6-29-7-5-13/h2-4,8-12,20H,1,5-7H2",ATKHYZXUMVNCIO-UHFFFAOYSA-N,True
105,2021-MOTM-Aug.pdf,[H][C@@]12CC[C@@H](c3cc(C(F)(F)F)ccc3-c3cc(-c4ccc(C(=O)O)cc4C)cnc3OC)N1C(=O)O[C@@H]2c1cc(C(F)(F)F)cc(C(F)(F)F)c1,"InChI=1S/C35H25F9N2O5/c1-16-9-17(31(47)48)3-5-23(16)19-12-26(30(50-2)45-15-19)24-6-4-20(33(36,37)38)14-25(24)27-7-8-28-29(51-32(49)46(27)28)18-10-21(34(39,40)41)13-22(11-18)35(42,43)44/h3-6,9-15,27-29H,7-8H2,1-2H3,(H,47,48)/t27-,28-,29+/m0/s1",VYZPBLVSILOWMJ-YTCPBCGMSA-N,True
106,2021-MOTM-Aug.pdf,Cc1cc([S@SP3](=O)(=O)Nc2cscn2)c(F)cc1N(C)[C@@H]1CCN(Cc2ccccc2)C1,"InChI=1S/C22H25FN4O2S2/c1-16-10-21(31(28,29)25-22-14-30-15-24-22)19(23)11-20(16)26(2)18-8-9-27(13-18)12-17-6-4-3-5-7-17/h3-7,10-11,14-15,18,25H,8-9,12-13H2,1-2H3/t18-/m1/s1",UCSHINHOAVARGQ-GOSISDBHSA-N,True
107,2021-MOTM-Aug.pdf,CN[C@@H](C)C(=O)N[C@H](C(=O)N1C[C@@H](NC(=O)c2cnc(N3CCN(CCCOc4cc5ncnc(Nc6n[nH]c(C)c6C)c5cc4[S@SP3](=O)(=O)C(C)(C)C)CC3)cn2)C[C@H]1C(=O)Nc1c(F)cccc1F)C(C)(C)C,"InChI=1S/C50H66F2N14O7S/c1-28-29(2)62-63-43(28)61-44-32-22-39(74(71,72)50(7,8)9)38(23-35(32)56-27-57-44)73-20-12-15-64-16-18-65(19-17-64)40-25-54-36(24-55-40)46(68)58-31-21-37(47(69)59-41-33(51)13-11-14-34(41)52)66(26-31)48(70)42(49(4,5)6)60-45(67)30(3)53-10/h11,13-14,22-25,27,30-31,37,42,53H,12,15-21,26H2,1-10H3,(H,58,68)(H,59,69)(H,60,67)(H2,56,57,61,62,63)/t30-,31-,37-,42+/m0/s1",CHNBEZLJAQUZEX-LFRONEFISA-N,True
108,2021-MOTM-Aug.pdf,CC(F)(F)COc1ncncc1CNc1ncc(C#N)c(N[C@@H]2CC[C@H](O)C(C)(C)C2)n1,"InChI=1S/C21H27F2N7O2/c1-20(2)6-15(4-5-16(20)31)29-17-13(7-24)9-26-19(30-17)27-10-14-8-25-12-28-18(14)32-11-21(3,22)23/h8-9,12,15-16,31H,4-6,10-11H2,1-3H3,(H2,26,27,29,30)/t15-,16+/m1/s1",FMKGJQHNYMWDFJ-CVEARBPZSA-N,True
109,2021-MOTM-Aug.pdf,N#Cc1cccc([C@@H](NCC2CC2)c2ccc(F)c(NC(=O)c3cc(C(F)(F)F)nn3-c3cccc(CN)c3)c2)c1,"InChI=1S/C30H26F4N6O/c31-24-10-9-22(28(37-17-18-7-8-18)21-5-1-3-19(11-21)15-35)13-25(24)38-29(41)26-14-27(30(32,33)34)39-40(26)23-6-2-4-20(12-23)16-36/h1-6,9-14,18,28,37H,7-8,16-17,36H2,(H,38,41)/t28-/m1/s1",UXNXMBYCBRBRFD-MUUNZHRXSA-N,True
110,2021-MOTM-Aug.pdf,CCOc1ccc([S@SP1](=O)(=O)Nc2ccc(Cl)cc2C#Cc2cnc(C(=O)O)cc2OC)c2ncccc12,"InChI=1S/C26H20ClN3O6S/c1-3-36-22-10-11-24(25-19(22)5-4-12-28-25)37(33,34)30-20-9-8-18(27)13-16(20)6-7-17-15-29-21(26(31)32)14-23(17)35-2/h4-5,8-15,30H,3H2,1-2H3,(H,31,32)",FNBUZGRPJLEIMO-UHFFFAOYSA-N,True
111,2021-MOTM-Aug.pdf,COc1cc(F)cc([C@@H](CO)NC(=O)[C@@H](C)N2Cc3ccc(-c4nc(NC5CCOCC5)ncc4Cl)cc3C2=O)c1,"InChI=1S/C29H31ClFN5O5/c1-16(27(38)34-25(15-37)19-9-20(31)12-22(10-19)40-2)36-14-18-4-3-17(11-23(18)28(36)39)26-24(30)13-32-29(35-26)33-21-5-7-41-8-6-21/h3-4,9-13,16,21,25,37H,5-8,14-15H2,1-2H3,(H,34,38)(H,32,33,35)/t16-,25-/m1/s1",BVRGQPJKSKKGIH-PUAOIOHZSA-N,True
112,MOTM-September-2021.pdf,[H]C(F)(F)Oc1cc(F)cc(-c2ccc3c(c2)N([S@SP3](=O)(=O)c2cccc(C(F)(F)F)c2)C[C@H](CC(C)(C)C(=O)O)O3)c1,"InChI=1S/C27H23F6NO6S/c1-26(2,24(35)36)13-20-14-34(41(37,38)21-5-3-4-17(11-21)27(31,32)33)22-10-15(6-7-23(22)39-20)16-8-18(28)12-19(9-16)40-25(29)30/h3-12,20,25H,13-14H2,1-2H3,(H,35,36)/t20-/m0/s1",GULSIMHVQYBADX-FQEVSTJZSA-N,True
113,MOTM-September-2021.pdf,Cc1nnn(C)c1-c1cnc2c3ccc(C(C)(C)O)cc3n([C@H](c3ccccc3)C3CCOCC3)c2c1,"InChI=1S/C30H33N5O2/c1-19-28(34(4)33-32-19)22-16-26-27(31-18-22)24-11-10-23(30(2,3)36)17-25(24)35(26)29(20-8-6-5-7-9-20)21-12-14-37-15-13-21/h5-11,16-18,21,29,36H,12-15H2,1-4H3/t29-/m1/s1",KGERZPVQIRYWRK-GDLZYMKVSA-N,True
114,MOTM-September-2021.pdf,CN/C(=N\O)[C@@H]1c2c(cnn2C)[C@@H]2CN1C(=O)N2OS(=O)(=O)O[Na],"InChI=1S/C10H14N6O6S.Na/c1-11-9(13-18)8-7-5(3-12-14(7)2)6-4-15(8)10(17)16(6)22-23(19,20)21;/h3,6,8,18H,4H2,1-2H3,(H,11,13)(H,19,20,21);/q;+1/p-1/t6-,8-;/m0./s1",DENRJGZATCJYJD-QMGYSKNISA-M,True
115,MOTM-September-2021.pdf,CCc1c(C#N)c(SC(C(N)=O)c2ccccc2)nc(N2CCC(N)CC2)c1C#N,"InChI=1S/C22H24N6OS/c1-2-16-17(12-23)21(28-10-8-15(25)9-11-28)27-22(18(16)13-24)30-19(20(26)29)14-6-4-3-5-7-14/h3-7,15,19H,2,8-11,25H2,1H3,(H2,26,29)",KNKHRZYILDZLRE-UHFFFAOYSA-N,True
116,MOTM-September-2021.pdf,Cc1cc(-c2nc3cnc(Oc4cccc(Cl)c4)nc3o2)cc(C)c1OCC(=O)O,"InChI=1S/C21H16ClN3O5/c1-11-6-13(7-12(2)18(11)28-10-17(26)27)19-24-16-9-23-21(25-20(16)30-19)29-15-5-3-4-14(22)8-15/h3-9H,10H2,1-2H3,(H,26,27)",WRBZNIUFAKIIQG-UHFFFAOYSA-N,True
117,MOTM-September-2021.pdf,CC[S@SP3](=O)(=O)[C@]1(C)CC[C@@](CF)(c2cc(NC(=O)c3cc4c(cn3)OC(F)(F)O4)ccc2F)N=C1N,"InChI=1S/C22H22F4N4O5S/c1-3-36(32,33)20(2)6-7-21(11-23,30-19(20)27)13-8-12(4-5-14(13)24)29-18(31)15-9-16-17(10-28-15)35-22(25,26)34-16/h4-5,8-10H,3,6-7,11H2,1-2H3,(H2,27,30)(H,29,31)/t20-,21-/m1/s1",NDIQAOIHFVWZJQ-NHCUHLMSSA-N,True
118,MOTM-September-2021.pdf,C[C@@H]1CCC[C@H](n2cnc(-c3cc(Cl)ccc3-n3cc(Cl)nn3)cc2=O)c2cc(ccn2)-c2c(cnn2C(F)F)NC1=O,"InChI=1S/C28H23Cl2F2N9O2/c1-15-3-2-4-23(20-9-16(7-8-33-20)26-21(36-27(15)43)12-35-41(26)28(31)32)39-14-34-19(11-25(39)42)18-10-17(29)5-6-22(18)40-13-24(30)37-38-40/h5-15,23,28H,2-4H2,1H3,(H,36,43)/t15-,23+/m1/s1",FSWFYCYPTDLKON-CMJOXMDJSA-N,True
119,MOTM-September-2021.pdf,C[C@@H](Cn1c(=O)[nH]/c(=N\c2ccc(Oc3ccccn3)cc2)n(Cc2ccc(Cl)cc2)c1=O)C(=O)O,"InChI=1S/C25H22ClN5O5/c1-16(22(32)33)14-31-24(34)29-23(30(25(31)35)15-17-5-7-18(26)8-6-17)28-19-9-11-20(12-10-19)36-21-4-2-3-13-27-21/h2-13,16H,14-15H2,1H3,(H,32,33)(H,28,29,34)/t16-/m0/s1",SKZQFKBIJUXXCG-INIZCTEOSA-N,True
120,MOTM-September-2021.pdf,Nc1nc2cc(CC[C@H]3C[C@@H](n4ccc5c(N)ncnc54)[C@H](O)[C@@H]3O)ccc2cc1Br,"InChI=1S/C22H23BrN6O2/c23-15-8-12-3-1-11(7-16(12)28-21(15)25)2-4-13-9-17(19(31)18(13)30)29-6-5-14-20(24)26-10-27-22(14)29/h1,3,5-8,10,13,17-19,30-31H,2,4,9H2,(H2,25,28)(H2,24,26,27)/t13-,17+,18+,19-/m0/s1",DBSMLQTUDJVICQ-CJODITQLSA-N,True
121,MOTM-September-2021.pdf,N=C(NC(=N)N1CCCC1)Nc1ccc(OC(F)(F)F)cc1,"InChI=1S/C13H16F3N5O/c14-13(15,16)22-10-5-3-9(4-6-10)19-11(17)20-12(18)21-7-1-2-8-21/h3-6H,1-2,7-8H2,(H4,17,18,19,20)",NGFUHJWVBKTNOE-UHFFFAOYSA-N,True
122,MOTM-September-2021.pdf,CCc1cc2ncc(CN3CCN(c4ccc(C(=O)NC)nc4)CC3)cc2[nH]c1=O,"InChI=1S/C22H26N6O2/c1-3-16-11-19-20(26-21(16)29)10-15(12-24-19)14-27-6-8-28(9-7-27)17-4-5-18(25-13-17)22(30)23-2/h4-5,10-13H,3,6-9,14H2,1-2H3,(H,23,30)(H,26,29)",WQAVGRAETZEADU-UHFFFAOYSA-N,True
123,MOTM-September-2021.pdf,Cc1nc(-c2cnc(NC(C)C)n(C)c2=O)ccc1Oc1ccnc(-c2cnn(C)c2)c1,"InChI=1S/C23H25N7O2/c1-14(2)27-23-25-12-18(22(31)30(23)5)19-6-7-21(15(3)28-19)32-17-8-9-24-20(10-17)16-11-26-29(4)13-16/h6-14H,1-5H3,(H,25,27)",TVGAHWWPABTBCX-UHFFFAOYSA-N,True
124,MOTM-September-2021.pdf,COc1nc(C2=NO[C@H](C3CC3)[C@H](c3ccc(Cl)cc3)N2)ccc1-n1cnc(C)c1,"InChI=1S/C22H22ClN5O2/c1-13-11-28(12-24-13)18-10-9-17(25-22(18)29-2)21-26-19(14-5-7-16(23)8-6-14)20(30-27-21)15-3-4-15/h5-12,15,19-20H,3-4H2,1-2H3,(H,26,27)/t19-,20+/m0/s1",IOQORVDNYPOZPL-VQTJNVASSA-N,True
125,MOTM-September-2021.pdf,CN(c1ccc(C#N)c(Cl)c1)[C@H]1CC[C@H](NC(=O)c2ccc(N3CCN(C4CN(c5ccc6c(c5)C(=O)N(C5CCC(=O)NC5=O)C6=O)C4)CC3)cc2)CC1,"InChI=1S/C41H43ClN8O5/c1-46(30-9-4-26(22-43)35(42)21-30)28-10-5-27(6-11-28)44-38(52)25-2-7-29(8-3-25)47-16-18-48(19-17-47)32-23-49(24-32)31-12-13-33-34(20-31)41(55)50(40(33)54)36-14-15-37(51)45-39(36)53/h2-4,7-9,12-13,20-21,27-28,32,36H,5-6,10-11,14-19,23-24H2,1H3,(H,44,52)(H,45,51,53)/t27-,28-,36?",LUCHABJUYSYJAT-RVWRWSNSSA-N,True
126,MOTM-October-2021.pdf,Cc1[nH]c2nnc(C)n2c(=O)c1CC(=O)Nc1ncc(Cc2ccccc2F)s1,"InChI=1S/C19H17FN6O2S/c1-10-14(17(28)26-11(2)24-25-18(26)22-10)8-16(27)23-19-21-9-13(29-19)7-12-5-3-4-6-15(12)20/h3-6,9H,7-8H2,1-2H3,(H,22,25)(H,21,23,27)",DKCQZXASVNYNLW-UHFFFAOYSA-N,True
127,MOTM-October-2021.pdf,CC(C)(NC(=O)O[C@@H]1CN2CCC1CC2)c1csc(-c2ccc(F)cc2)n1,"InChI=1S/C20H24FN3O2S/c1-20(2,17-12-27-18(22-17)14-3-5-15(21)6-4-14)23-19(25)26-16-11-24-9-7-13(16)8-10-24/h3-6,12-13,16H,7-11H2,1-2H3,(H,23,25)/t16-/m1/s1",YFHRCLAKZBDRHN-MRXNPFEDSA-N,True
128,MOTM-October-2021.pdf,CCOC(=O)C1=C(NN2CCN(CC(F)(F)F)CC2)O/C(=C\c2c[nH]c3ncccc23)C1=O,"InChI=1S/C21H22F3N5O4/c1-2-32-20(31)16-17(30)15(10-13-11-26-18-14(13)4-3-5-25-18)33-19(16)27-29-8-6-28(7-9-29)12-21(22,23)24/h3-5,10-11,27H,2,6-9,12H2,1H3,(H,25,26)/b15-10-",DNTVXDZWVOVLOD-GDNBJRDFSA-N,True
129,MOTM-October-2021.pdf,CCCCC1(CCCC)CS(=O)(=O)c2ccc(N(C)C)cc2[C@@H](c2ccc(OCc3ccc(C[N+]45CCN(CC4)CC5)cc3)cc2)[C@H]1O,"InChI=1S/C40H56N3O4S/c1-5-7-19-40(20-8-6-2)30-48(45,46)37-18-15-34(41(3)4)27-36(37)38(39(40)44)33-13-16-35(17-14-33)47-29-32-11-9-31(10-12-32)28-43-24-21-42(22-25-43)23-26-43/h9-18,27,38-39,44H,5-8,19-26,28-30H2,1-4H3/q+1/t38-,39-/m1/s1",STPKWKPURVSAJF-LJEWAXOPSA-N,True
130,MOTM-October-2021.pdf,NC(=O)c1ccn(-c2cnc(NC[C@]3(c4ncccc4F)C[C@H](F)C3)nc2)c1,"InChI=1S/C19H18F2N6O/c20-13-6-19(7-13,16-15(21)2-1-4-23-16)11-26-18-24-8-14(9-25-18)27-5-3-12(10-27)17(22)28/h1-5,8-10,13H,6-7,11H2,(H2,22,28)(H,24,25,26)/t13-,19-",MQXWPWOCXGARRK-HJGJAMNPSA-N,True
131,MOTM-October-2021.pdf,C[C@H]1CNC(=O)c2cnn3ccc(nc23)N[C@H](C)c2cc(F)ccc2O1,"InChI=1S/C18H18FN5O2/c1-10-8-20-18(25)14-9-21-24-6-5-16(23-17(14)24)22-11(2)13-7-12(19)3-4-15(13)26-10/h3-7,9-11H,8H2,1-2H3,(H,20,25)(H,22,23)/t10-,11+/m0/s1",FIKPXCOQUIZNHB-WDEREUQCSA-N,True
132,MOTM-October-2021.pdf,Cc1sc2c(c1C)C(c1ccc(Cl)cc1)=N[C@@H](CC(=O)NCCCCCNC(=O)COc1ccc(C3CCC(=O)NC3=O)cc1)c1nnc(C)n1-2,"InChI=1S/C37H40ClN7O5S/c1-21-22(2)51-37-33(21)34(25-7-11-26(38)12-8-25)41-29(35-44-43-23(3)45(35)37)19-31(47)39-17-5-4-6-18-40-32(48)20-50-27-13-9-24(10-14-27)28-15-16-30(46)42-36(28)49/h7-14,28-29H,4-6,15-20H2,1-3H3,(H,39,47)(H,40,48)(H,42,46,49)/t28?,29-/m0/s1",VVRONDSUSMJAEI-XIJSCUBXSA-N,False
133,MOTM-October-2021.pdf,CCc1nc(-c2ccc3c(c2)CC[C@H]3NC(=O)c2cnn(C)c2)no1,"InChI=1S/C18H19N5O2/c1-3-16-21-17(22-25-16)12-4-6-14-11(8-12)5-7-15(14)20-18(24)13-9-19-23(2)10-13/h4,6,8-10,15H,3,5,7H2,1-2H3,(H,20,24)/t15-/m1/s1",IOVAZWDIRCRMTM-OAHLLOKOSA-N,True
134,MOTM-October-2021.pdf,CCCN(C)C(=O)OCc1c(-c2ccc(O[C@H]3CCC[C@H](C(=O)O)C3)c(C)n2)nnn1C,"InChI=1S/C22H31N5O5/c1-5-11-26(3)22(30)31-13-18-20(24-25-27(18)4)17-9-10-19(14(2)23-17)32-16-8-6-7-15(12-16)21(28)29/h9-10,15-16H,5-8,11-13H2,1-4H3,(H,28,29)/t15-,16-/m0/s1",UEUNDURNLYLSNB-HOTGVXAUSA-N,True
135,MOTM-October-2021.pdf,Cc1cnc(-c2cc(O[C@@H]3CCOC3)cc(C(=O)N[C@H](C)c3cnc(C(F)(F)F)nc3)c2)s1,"InChI=1S/C22H21F3N4O3S/c1-12-8-26-20(33-12)15-5-14(6-18(7-15)32-17-3-4-31-11-17)19(30)29-13(2)16-9-27-21(28-10-16)22(23,24)25/h5-10,13,17H,3-4,11H2,1-2H3,(H,29,30)/t13-,17-/m1/s1",GTQPEQGDLVSFJO-CXAGYDPISA-N,True
136,MOTM-October-2021.pdf,[H][C@]12CCc3cc(C(=O)NCc4cccnc4C)ccc3[C@]1(Cc1ccccc1)CC[C@](O)(CCC(F)(F)F)C2,"InChI=1S/C32H35F3N2O2/c1-22-26(8-5-17-36-22)21-37-29(38)25-10-12-28-24(18-25)9-11-27-20-30(39,14-16-32(33,34)35)13-15-31(27,28)19-23-6-3-2-4-7-23/h2-8,10,12,17-18,27,39H,9,11,13-16,19-21H2,1H3,(H,37,38)/t27-,30+,31+/m1/s1",KCAXPRFNWUOBNC-RDAHNBDFSA-N,True
137,MOTM-October-2021.pdf,COc1cc(NC([Hf])C(=O)N2CCc3ccc(OC(F)(F)F)cc32)cc(OCCCC(=O)O)c1,"InChI=1S/C22H22F3N2O6.Hf/c1-31-17-9-15(10-18(11-17)32-8-2-3-21(29)30)26-13-20(28)27-7-6-14-4-5-16(12-19(14)27)33-22(23,24)25;/h4-5,9-13,26H,2-3,6-8H2,1H3,(H,29,30);",UILCELXVORGFQD-UHFFFAOYSA-N,False
138,MOTM-October-2021.pdf,CCSC1C23=C4C56=CC4127CSCCC(=O)NC(=O)C(CC12=CC=CC=1=C2)NC(=O)C(NC(=O)C[CH]12OC1CCN2C1(=O)NC1C=CNCC=CC(=C5)N37)[CH](C)(O)C(C(=O)N[CH]C1C=C1C=COC)NC(=O)CCCC1=CC(=CC=C1)C[CH]NC(=O)C(C)NC(=O)C(CNC(=O)CCOCCOCC[N+](C)(C)C)NC(=O)CCSC6,,,False
139,MOTM-October-2021.pdf,CC(C)C[C@H](NC(=O)COCCOCCNC(=O)COCCOCCNC=O)C(=O)N[C@@H](CO)C(=O)NCC(=O)N[C@@H](CCCCN)C(=O)Nc1ccc(COC(=O)NCOCCn2cnc(-c3ccc(F)c(Cl)c3)c2-c2ccc3ncc(C#N)n3n2)cc1.C[C@@H](NC(=O)CC[C@@H](NC(=O)CC(=O)O)C(=O)O)C(=O)O,"InChI=1S/C57H75ClFN15O15.C11H16N2O8/c1-37(2)25-46(70-51(79)33-87-24-22-85-19-16-63-50(78)32-86-23-21-84-18-15-62-35-76)56(82)71-47(30-75)54(80)65-29-49(77)69-45(5-3-4-14-60)55(81)68-40-9-6-38(7-10-40)31-89-57(83)67-36-88-20-17-73-34-66-52(39-8-11-43(59)42(58)26-39)53(73)44-12-13-48-64-28-41(27-61)74(48)72-44;1-5(10(18)19)12-7(14)3-2-6(11(20)21)13-8(15)4-9(16)17/h6-13,26,28,34-35,37,45-47,75H,3-5,14-25,29-33,36,60H2,1-2H3,(H,62,76)(H,63,78)(H,65,80)(H,67,83)(H,68,81)(H,69,77)(H,70,79)(H,71,82);5-6H,2-4H2,1H3,(H,12,14)(H,13,15)(H,16,17)(H,18,19)(H,20,21)/t45-,46-,47-;5-,6-/m01/s1",XGIKJMHBDOFOJI-VILZCTCMSA-N,False
140,MOTM-November-2021.pdf,COC(=O)NC12CCC(n3cc(-c4cc(N)c(Cl)cc4F)c4c(N)ncnc43)(CC1)CC2,"InChI=1S/C22H24ClFN6O2/c1-32-20(31)29-21-2-5-22(6-3-21,7-4-21)30-10-13(17-18(26)27-11-28-19(17)30)12-8-16(25)14(23)9-15(12)24/h8-11H,2-7,25H2,1H3,(H,29,31)(H2,26,27,28)",FJTQBVRKZLEDPK-UHFFFAOYSA-N,True
141,MOTM-November-2021.pdf,O=C(NCCN1CCCC1)c1cc(-c2ccc(CN3CCOCC3)cc2)nc2ccc(F)cc12,"InChI=1S/C27H31FN4O2/c28-22-7-8-25-23(17-22)24(27(33)29-9-12-31-10-1-2-11-31)18-26(30-25)21-5-3-20(4-6-21)19-32-13-15-34-16-14-32/h3-8,17-18H,1-2,9-16,19H2,(H,29,33)",BENUHBSJOJMZEE-UHFFFAOYSA-N,True
142,MOTM-November-2021.pdf,Cn1cnc2ccc(Oc3c(F)ccc(NS(=O)(=O)N4CC[C@@H](F)C4)c3C#N)cc2c1=O,"InChI=1S/C20H17F2N5O4S/c1-26-11-24-17-4-2-13(8-14(17)20(26)28)31-19-15(9-23)18(5-3-16(19)22)25-32(29,30)27-7-6-12(21)10-27/h2-5,8,11-12,25H,6-7,10H2,1H3/t12-/m1/s1",ZUXPFTYMSHPRQX-GFCCVEGCSA-N,True
143,MOTM-November-2021.pdf,Cc1ncnc2c1ccn2[C@@H]1CC(Oc2cc(C(F)F)c(F)c3c2CNCC3)[C@@H](O)[C@H]1O,"InChI=1S/C22H23F3N4O3/c1-10-11-3-5-29(22(11)28-9-27-10)15-7-17(20(31)19(15)30)32-16-6-13(21(24)25)18(23)12-2-4-26-8-14(12)16/h3,5-6,9,15,17,19-21,26,30-31H,2,4,7-8H2,1H3/t15-,17?,19+,20-/m1/s1",HBGHQRGHFNTSDP-DGJRPJRTSA-N,True
144,MOTM-November-2021.pdf,CC(C)(C)[C@H](NC(=O)C(F)(F)F)C(=O)N1C[C@H]2[C@@H]([C@H]1C(=O)N[C@H](C#N)C[C@@H]1CCNC1=O)C2(C)C,"InChI=1S/C23H32F3N5O4/c1-21(2,3)16(30-20(35)23(24,25)26)19(34)31-10-13-14(22(13,4)5)15(31)18(33)29-12(9-27)8-11-6-7-28-17(11)32/h11-16H,6-8,10H2,1-5H3,(H,28,32)(H,29,33)(H,30,35)/t11-,12-,13-,14-,15-,16+/m0/s1",LIENCHBZNNMNKG-OJFNHCPVSA-N,True
145,MOTM-November-2021.pdf,O=C(c1sc(-c2ccccc2O)nc1O)N1CCCO1,"InChI=1S/C13H12N2O4S/c16-9-5-2-1-4-8(9)12-14-11(17)10(20-12)13(18)15-6-3-7-19-15/h1-2,4-5,16-17H,3,6-7H2",BKUQCBLRBYEPFS-UHFFFAOYSA-N,True
146,MOTM-November-2021.pdf,CN1CCC(COc2cnc(-c3cccc(Cn4nc(-c5cccc(C#N)c5)ccc4=O)c3)nc2)CC1,"InChI=1S/C29H28N6O2/c1-34-12-10-21(11-13-34)20-37-26-17-31-29(32-18-26)25-7-3-5-23(15-25)19-35-28(36)9-8-27(33-35)24-6-2-4-22(14-24)16-30/h2-9,14-15,17-18,21H,10-13,19-20H2,1H3",AHYMHWXQRWRBKT-UHFFFAOYSA-N,True
147,MOTM-November-2021.pdf,CC(C)C(=O)OC[C@H]1O[C@@](C#N)(c2ccc3c(N)ncnn23)[C@H](OC(=O)C(C)C)[C@@H]1OC(=O)C(C)C,"InChI=1S/C24H31N5O7/c1-12(2)21(30)33-9-16-18(34-22(31)13(3)4)19(35-23(32)14(5)6)24(10-25,36-16)17-8-7-15-20(26)27-11-28-29(15)17/h7-8,11-14,16,18-19H,9H2,1-6H3,(H2,26,27,28)/t16-,18-,19-,24+/m1/s1",RVSSLHFYCSUAHY-JQGROFRJSA-N,True
148,MOTM-November-2021.pdf,CC1(C)CC[C@H](Nc2ncc(C(F)(F)F)c(-c3c[nH]c4c([P@TB10](C)(C)=O)c(C#N)ccc34)n2)CN1,"InChI=1S/C23H26F3N6OP/c1-22(2)8-7-14(10-30-22)31-21-29-12-17(23(24,25)26)18(32-21)16-11-28-19-15(16)6-5-13(9-27)20(19)34(3,4)33/h5-6,11-12,14,28,30H,7-8,10H2,1-4H3,(H,29,31,32)/t14-/m0/s1",JDJOUBVVSQDIRC-AWEZNQCLSA-N,True
149,MOTM-November-2021.pdf,C=CC(=O)N1CC2(CCN(c3nc(OC4CCN(CCCOC)CC4)nc4c(OCC(F)(F)F)c(-c5c(C)ccc6[nH]ncc56)c(C5CC5)cc34)CC2)C1,"InChI=1S/C40H48F3N7O4/c1-4-32(51)50-22-39(23-50)12-17-49(18-13-39)37-29-20-28(26-7-8-26)34(33-25(2)6-9-31-30(33)21-44-47-31)36(53-24-40(41,42)43)35(29)45-38(46-37)54-27-10-15-48(16-11-27)14-5-19-52-3/h4,6,9,20-21,26-27H,1,5,7-8,10-19,22-24H2,2-3H3,(H,44,47)",VEXDXXFHISGELS-UHFFFAOYSA-N,True
150,MOTM-November-2021.pdf,C[C@@H]1COCCN1c1cc2n(n1)[C@@H]1CCC[C@@H]1NC2=O,"InChI=1S/C14H20N4O2/c1-9-8-20-6-5-17(9)13-7-12-14(19)15-10-3-2-4-11(10)18(12)16-13/h7,9-11H,2-6,8H2,1H3,(H,15,19)/t9-,10+,11-/m1/s1",LQBRZKIUSVUXJP-OUAUKWLOSA-N,True
151,MOTM-November-2021.pdf,Cn1cc(Nc2nccc(-c3ccc4c(c3)CN(C3COC3)CCC4NC(=O)c3cn(C(C)(C)C)nn3)n2)cn1,"InChI=1S/C28H34N10O2/c1-28(2,3)38-15-25(34-35-38)26(39)32-24-8-10-37(21-16-40-17-21)13-19-11-18(5-6-22(19)24)23-7-9-29-27(33-23)31-20-12-30-36(4)14-20/h5-7,9,11-12,14-15,21,24H,8,10,13,16-17H2,1-4H3,(H,32,39)(H,29,31,33)",JSAQBOQCZJHWMA-UHFFFAOYSA-N,True
152,MOTM-November-2021.pdf,O=C(Nc1ccn(-c2ccnc(F)c2)n1)C1(c2ccccc2F)CC1,"InChI=1S/C18H14F2N4O/c19-14-4-2-1-3-13(14)18(7-8-18)17(25)22-16-6-10-24(23-16)12-5-9-21-15(20)11-12/h1-6,9-11H,7-8H2,(H,22,23,25)",UWMKZOSESQVNAA-UHFFFAOYSA-N,True
153,MOTM-November-2021.pdf,CCOCCOC[C@H]1CCCN(c2ccnc3sc(C(N)=O)c(N)c23)C1,"InChI=1S/C18H26N4O3S/c1-2-24-8-9-25-11-12-4-3-7-22(10-12)13-5-6-21-18-14(13)15(19)16(26-18)17(20)23/h5-6,12H,2-4,7-11,19H2,1H3,(H2,20,23)/t12-/m0/s1",GOAKYBVMJUXOFY-LBPRGKRZSA-N,True
154,Summaries-Small-Molecules-of-the-Month-December-2021.pdf,O=C(O)C1(Sc2ccnc3ccc(Br)cc23)CCC1,"InChI=1S/C14H12BrNO2S/c15-9-2-3-11-10(8-9)12(4-7-16-11)19-14(13(17)18)5-1-6-14/h2-4,7-8H,1,5-6H2,(H,17,18)",QGBWIYLNOBYNDL-UHFFFAOYSA-N,True
155,Summaries-Small-Molecules-of-the-Month-December-2021.pdf,c1ccc([C@H]2CN(c3cc(O[C@H]4C[C@@H](n5cccn5)C4)ncn3)CCO2)cc1,"InChI=1S/C21H23N5O2/c1-2-5-16(6-3-1)19-14-25(9-10-27-19)20-13-21(23-15-22-20)28-18-11-17(12-18)26-8-4-7-24-26/h1-8,13,15,17-19H,9-12,14H2/t17-,18+,19-/m1/s1",JXGFJBHPOCYADP-CEXWTWQISA-N,True
156,Summaries-Small-Molecules-of-the-Month-December-2021.pdf,C[C@@]1(CC[C@]2(C1)CNC3=C2C(=C(C=N3)C4=CC=C(C(=C4F)C(=O)N(C)C)N)Cl)C(=O)N,"InChI=1S/C22H25ClFN5O2/c1-21(20(26)31)6-7-22(9-21)10-28-18-15(22)16(23)12(8-27-18)11-4-5-13(25)14(17(11)24)19(30)29(2)3/h4-5,8H,6-7,9-10,25H2,1-3H3,(H2,26,31)(H,27,28)/t21-,22-/m0/s1",GZQHHAHIJAPECC-VXKWHMMOSA-N,True
157,Summaries-Small-Molecules-of-the-Month-December-2021.pdf,O=C(O)CO[C@H]1CCN(c2cc(C(F)(F)F)cc(C(F)(F)F)c2)C1,"InChI=1S/C14H13F6NO3/c15-13(16,17)8-3-9(14(18,19)20)5-10(4-8)21-2-1-11(6-21)24-7-12(22)23/h3-5,11H,1-2,6-7H2,(H,22,23)/t11-/m0/s1",ISWIGCDQVGGYGK-NSHDSACASA-N,True
158,Summaries-Small-Molecules-of-the-Month-December-2021.pdf,C[C@@H]1CC[C@@H](Nc2nc(NC(C)(C)C)ncc2C(N)=O)C[C@H]1O,"InChI=1S/C16H27N5O2/c1-9-5-6-10(7-12(9)22)19-14-11(13(17)23)8-18-15(20-14)21-16(2,3)4/h8-10,12,22H,5-7H2,1-4H3,(H2,17,23)(H2,18,19,20,21)/t9-,10-,12-/m1/s1",QBBRJRLJWXRSHQ-CKYFFXLPSA-N,True
159,Summaries-Small-Molecules-of-the-Month-December-2021.pdf,C[C@H](NC(=O)C(C)(F)F)[C@H](Oc1ccc2c(cnn2-c2cccc(C(=O)N[C@@H]3CCOC3)c2)c1)c1ccc2c(c1)OCCO2,"InChI=1S/C32H32F2N4O6/c1-19(36-31(40)32(2,33)34)29(20-6-9-27-28(16-20)43-13-12-42-27)44-25-7-8-26-22(15-25)17-35-38(26)24-5-3-4-21(14-24)30(39)37-23-10-11-41-18-23/h3-9,14-17,19,23,29H,10-13,18H2,1-2H3,(H,36,40)(H,37,39)/t19-,23+,29-/m0/s1",ZZWJKLGCDHYVMB-BWGXUDETSA-N,True
160,Summaries-Small-Molecules-of-the-Month-December-2021.pdf,CNC[C@@H]1OCCc2ccsc21,"InChI=1S/C9H13NOS/c1-10-6-8-9-7(2-4-11-8)3-5-12-9/h3,5,8,10H,2,4,6H2,1H3/t8-/m0/s1",ABDDQTDRAHXHOC-QMMMGPOBSA-N,True
161,Summaries-Small-Molecules-of-the-Month-December-2021.pdf,CCN1CCC(c2cc3c(F)cc(-c4cc(C)c5nc(C)cn5n4)cc3nn2)CC1,"InChI=1S/C23H25FN6/c1-4-29-7-5-16(6-8-29)20-12-18-19(24)10-17(11-22(18)27-26-20)21-9-14(2)23-25-15(3)13-30(23)28-21/h9-13,16H,4-8H2,1-3H3",APXTULSKNLWAOS-UHFFFAOYSA-N,True
162,Summaries-Small-Molecules-of-the-Month-December-2021.pdf,CCc1cc(O)c(F)cc1-c1cc(N[C@@H](C)CO)c2nc(NCCCCCN(C)C)ncc2c1,"InChI=1S/C26H36FN5O2/c1-5-18-13-24(34)22(27)14-21(18)19-11-20-15-29-26(28-9-7-6-8-10-32(3)4)31-25(20)23(12-19)30-17(2)16-33/h11-15,17,30,33-34H,5-10,16H2,1-4H3,(H,28,29,31)/t17-/m0/s1",XUZGLJHOFPPBEF-KRWDZBQOSA-N,True
163,Summaries-Small-Molecules-of-the-Month-December-2021.pdf,O=C(c1cnc(NCc2cnccn2)nc1)N1CCC2(CCOCC2)C1,"InChI=1S/C18H22N6O2/c25-16(24-6-1-18(13-24)2-7-26-8-3-18)14-9-21-17(22-10-14)23-12-15-11-19-4-5-20-15/h4-5,9-11H,1-3,6-8,12-13H2,(H,21,22,23)",VGRLXWFIXGZRMS-UHFFFAOYSA-N,True
164,Summaries-Small-Molecules-of-the-Month-December-2021.pdf,C[C@@H]1COCCN1c1cc([C@]2(O)C[C@H]3CC[C@@H](C2)O3)c2cnn(-c3cc[nH]n3)c2n1,"InChI=1S/C21H26N6O3/c1-13-12-29-7-6-26(13)19-8-17(21(28)9-14-2-3-15(10-21)30-14)16-11-23-27(20(16)24-19)18-4-5-22-25-18/h4-5,8,11,13-15,28H,2-3,6-7,9-10,12H2,1H3,(H,22,25)/t13-,14-,15+,21+/m1/s1",YIHHYCIYAIVQKX-MBIULKOWSA-N,True
165,Summaries-Small-Molecules-of-the-Month-December-2021.pdf,O=[S@TB3](=O)(Nc1ccc(-c2nc(O[C@@H]3CC[C@@H](O)CC3)c3cn[nH]c3n2)cc1)c1cc(Cl)ccc1F,"InChI=1S/C23H21ClFN5O4S/c24-14-3-10-19(25)20(11-14)35(32,33)30-15-4-1-13(2-5-15)21-27-22-18(12-26-29-22)23(28-21)34-17-8-6-16(31)7-9-17/h1-5,10-12,16-17,30-31H,6-9H2,(H,26,27,28,29)/t16-,17-",IKBMUGXVSJZWGW-QAQDUYKDSA-N,True
166,Summaries-Small-Molecules-of-the-Month-December-2021.pdf,Cc1c(Nc2ncc3cc(Cl)c(C4CCN([C@]5(C)COC[C@@H]5O)CC4)cc3n2)cnn1[C@@H]1CC1(F)F,"InChI=1S/C25H29ClF2N6O2/c1-14-20(11-30-34(14)21-9-25(21,27)28)32-23-29-10-16-7-18(26)17(8-19(16)31-23)15-3-5-33(6-4-15)24(2)13-36-12-22(24)35/h7-8,10-11,15,21-22,35H,3-6,9,12-13H2,1-2H3,(H,29,31,32)/t21-,22+,24-/m1/s1",VFCYOTBJVABSBY-AOHZBQACSA-N,True
167,Summaries-Small-Molecules-of-the-Month-December-2021.pdf,C#Cc1c(F)ccc2cc(O)cc(-c3ncc4c(N5CC6CCC(C5)N6)nc(OC[C@@]56CCCN5C[C@H](F)C6)nc4c3F)c12,"InChI=1S/C33H31F3N6O2/c1-2-23-26(35)7-4-18-10-22(43)11-24(27(18)23)29-28(36)30-25(13-37-29)31(41-15-20-5-6-21(16-41)38-20)40-32(39-30)44-17-33-8-3-9-42(33)14-19(34)12-33/h1,4,7,10-11,13,19-21,38,43H,3,5-6,8-9,12,14-17H2/t19-,20?,21?,33+/m1/s1",SCLLZBIBSFTLIN-IFMUVJFISA-N,True
